id,label,role,donation_amt_received
1,jason s. mckitrick,lobbyist,0
2,william hanka,lobbyist,0
3,michael haywood,lobbyist,0
4,pete kirkham,lobbyist,0
5,susan hirschmann,lobbyist,0
6,stacey smith,lobbyist,0
7,jonathan mccollum,lobbyist,0
8,robert powell,lobbyist,0
9,joshua grogis,lobbyist,0
10,jake johnston,lobbyist,0
11,elizabeth whitney,lobbyist,0
12,emily peterson,lobbyist,0
13,jackson droney,lobbyist,0
14,paul marcone,lobbyist,0
15,michelle easton,lobbyist,0
16,elizabeth murray,lobbyist,0
17,charlotte ivancic,lobbyist,0
18,pamela smith,lobbyist,0
19,israel izzy klein,lobbyist,0
20,matthew johnson,lobbyist,0
21,gregg hartley,lobbyist,0
22,scott tominovich,lobbyist,0
23,terry allen,lobbyist,0
24,lisa layman,lobbyist,0
25,brian sutter,lobbyist,0
26,tom wharton,lobbyist,0
27,mark dedrick,lobbyist,0
28,elizabeth powell,lobbyist,0
29,paige thoman,lobbyist,0
30,christopher k. bradish,lobbyist,0
31,chris jones,lobbyist,0
32,adam higgins,lobbyist,0
33,tyler thompson,lobbyist,0
34,libby greer,lobbyist,0
35,jeff strunk,lobbyist,0
36,ryan welch,lobbyist,0
37,richard roberts,lobbyist,0
38,michael solon,lobbyist,0
39,david castagnetti,lobbyist,0
40,dean rosen,lobbyist,0
41,david thomas,lobbyist,0
42,elise pickering,lobbyist,0
43,charles wooters,lobbyist,0
44,sage eastman,lobbyist,0
45,lauren aronson,lobbyist,0
46,michael robinson,lobbyist,0
47,michael collins,lobbyist,0
48,constantine hingson,lobbyist,0
49,daniel mcfaul,lobbyist,0
50,john williams,lobbyist,0
51,andrew coats,lobbyist,0
52,sarah strup herbert,lobbyist,0
53,robert zucker,lobbyist,0
54,charla penn,lobbyist,0
55,chelsey hickman,lobbyist,0
56,molly mcdonnell,lobbyist,0
57,jocelyn hong,lobbyist,0
58,jessica lawrence-vaca,lobbyist,0
59,tom nagle,lobbyist,0
60,barry brown,lobbyist,0
61,brett heimov,lobbyist,0
62,steve stallmer,lobbyist,0
63,shay hancock,lobbyist,0
64,marc numedahl,lobbyist,0
65,dan renberg,lobbyist,0
66,jerr rosenbaum,lobbyist,0
67,christina mcgarry,lobbyist,0
68,rhod shaw,lobbyist,0
69,jason schendle,lobbyist,0
70,corry marshall,lobbyist,0
71,david pore,lobbyist,0
72,michael tomberlin,lobbyist,0
73,tyson redpath,lobbyist,0
74,mark kadesh,lobbyist,0
75,christian kierig,lobbyist,0
76,dave ramey,lobbyist,0
77,john green,lobbyist,0
78,jason van pelt,lobbyist,0
79,anne marie polak,lobbyist,0
80,nathan bult,lobbyist,0
81,stacy ettinger,lobbyist,0
82,julie minerva,lobbyist,0
83,eric swedlund,lobbyist,0
84,michael beer,lobbyist,0
85,patrick pettey,lobbyist,0
86,david rudd,lobbyist,0
87,jack quinn,lobbyist,0
88,james bonham,lobbyist,0
89,gregg nunziata,lobbyist,0
90,arjun mody,lobbyist,0
91,matt bravo,lobbyist,0
92,rob collins,lobbyist,0
93,john scofield,lobbyist,0
94,todd wooten,lobbyist,0
95,jasper thomson,lobbyist,0
96,milan dalal,lobbyist,0
97,william moschella,lobbyist,0
98,travis norton,lobbyist,0
99,david haines,lobbyist,0
100,sean murphy,lobbyist,0
101,keith studdard,lobbyist,0
102,james barker,lobbyist,0
103,john anderson,lobbyist,0
104,tom koonce,lobbyist,0
105,steve stombres,lobbyist,0
106,manny rossman,lobbyist,0
107,kyle nevins,lobbyist,0
108,nicole venable,lobbyist,0
109,blair larkins,lobbyist,0
110,lauren maddox,lobbyist,0
111,paul bock,lobbyist,0
112,brian mcguire,lobbyist,0
113,greta joynes,lobbyist,0
114,peter j. evich,lobbyist,0
115,geoffrey bowman,lobbyist,0
116,laura morgan kessler,lobbyist,0
117,lauren cowles,lobbyist,0
118,alex vogel,lobbyist,0
119,josh holly,lobbyist,0
120,jeffery walter,lobbyist,0
121,david olander,lobbyist,0
122,rebecca benn,lobbyist,0
123,mark rayder,lobbyist,0
124,christian morgan,lobbyist,0
125,kyle gilster,lobbyist,0
126,y. brian lee,lobbyist,0
127,andrew kauders,lobbyist,0
128,david adams,lobbyist,0
129,kevin mclaughlin,lobbyist,0
130,michael quaranta,lobbyist,0
131,robert bradner,lobbyist,0
132,ansley erdel,lobbyist,0
133,jared weaver,lobbyist,0
134,jeffrey sadosky,lobbyist,0
135,adrienne schweer,lobbyist,0
136,jeffrey strunk,lobbyist,0
137,michael miller,lobbyist,0
138,edward p. ayoob,lobbyist,0
139,robert ganim,lobbyist,0
140,andrew quinn,lobbyist,0
141,stephen borg,lobbyist,0
142,c. stewart verdery,lobbyist,0
143,ashley hoy,lobbyist,0
144,kate mills,lobbyist,0
145,kimberly ellis,lobbyist,0
146,rich thomas,lobbyist,0
147,matt herrmann,lobbyist,0
148,erin neal,lobbyist,0
149,edward eynon,lobbyist,0
150,patrick anderson,lobbyist,0
151,darren willcox,lobbyist,0
152,andrew buczek,lobbyist,0
153,mary beth mcgowan,lobbyist,0
154,james brandell,lobbyist,0
155,tim molino,lobbyist,0
156,jen olson,lobbyist,0
157,john michael gonzalez,lobbyist,0
158,jeff shapiro,lobbyist,0
159,matt leffingwell,lobbyist,0
160,david stewart,lobbyist,0
161,martin gold,lobbyist,0
162,deborah burrell,lobbyist,0
163,douglas denneny,lobbyist,0
164,tommy johnson,lobbyist,0
165,"morris l. thomas, jd",lobbyist,0
166,devin mogler,lobbyist,0
167,mike hogan,lobbyist,0
168,mike haywood,lobbyist,0
169,greg means,lobbyist,0
170,joel oswald,lobbyist,0
171,zachary pfister,lobbyist,0
172,brian mckeon,lobbyist,0
173,brian wild,lobbyist,0
174,araceli gutierrez,lobbyist,0
175,william dolbow,lobbyist,0
176,kelly delmore,lobbyist,0
177,nicholas leibham,lobbyist,0
178,james davenport,lobbyist,0
179,christine pollack,lobbyist,0
180,rick murphy,lobbyist,0
181,natasha hammond,lobbyist,0
182,david schnittger,lobbyist,0
183,joseph murray,lobbyist,0
184,john raidt,lobbyist,0
185,jess goode,lobbyist,0
186,lem smith,lobbyist,0
187,leslee k. gilbert,lobbyist,0
188,sean morrison,lobbyist,0
189,todd bertoson,lobbyist,0
190,steven irizarry,lobbyist,0
191,heather podesta,lobbyist,0
192,jonathan becker,lobbyist,0
193,sean joyce,lobbyist,0
194,benjamin klein,lobbyist,0
195,larissa martinez,lobbyist,0
196,annie palisi,lobbyist,0
197,anne macmillan,lobbyist,0
198,noah kowalski,lobbyist,0
199,christopher shank,lobbyist,0
200,christopher shank (covoffpos continued),lobbyist,0
201,gary gallant,lobbyist,0
202,crystal ellerbe,lobbyist,0
203,christina hamilton,lobbyist,0
204,tom ingram,lobbyist,0
205,brandi lowell,lobbyist,0
206,heather mchugh,lobbyist,0
207,beau schuyler,lobbyist,0
208,henry menn,lobbyist,0
209,david ransom,lobbyist,0
210,erica stocker,lobbyist,0
211,john lundy,lobbyist,0
212,susan butler,lobbyist,0
213,ty mabry,lobbyist,0
214,hunter bates,lobbyist,0
215,chase hieneman,lobbyist,0
216,roger murry,lobbyist,0
217,ed pagano,lobbyist,0
218,arshi siddiqui,lobbyist,0
219,alexandra sollberger,lobbyist,0
220,matthew weinstein,lobbyist,0
221,todd harmer,lobbyist,0
222,aaron s. cutler,lobbyist,0
223,scott barnhart,lobbyist,0
224,kathleen m. mcauliffe,lobbyist,0
225,noushin jahanian,lobbyist,0
226,katherine dapper,lobbyist,0
227,jason gleason,lobbyist,0
228,ryan little,lobbyist,0
229,jennifer bell,lobbyist,0
230,lauren lipin,lobbyist,0
231,william rice,lobbyist,0
232,craig metz,lobbyist,0
233,amelia jenkins,lobbyist,0
234,russell thomasson,lobbyist,0
235,salim alameddin,lobbyist,0
236,george m. bernier,lobbyist,0
237,jennifer cave,lobbyist,0
238,dan gans,lobbyist,0
239,bryan cunningham,lobbyist,0
240,gary hoitsma,lobbyist,0
241,donn salvosa,lobbyist,0
242,helen rebecca brocato,lobbyist,0
243,sean richardson,lobbyist,0
244,lucia alonzo,lobbyist,0
245,stephanie kennan,lobbyist,0
246,dan scandling,lobbyist,0
247,breely ungar,lobbyist,0
248,jonathan winer,lobbyist,0
249,jeffrey davis,lobbyist,0
250,chris l. gaston,lobbyist,0
251,jeffrey forbes,lobbyist,0
252,steven palmer,lobbyist,0
253,timothy mcgivern,lobbyist,0
254,dean aguillen,lobbyist,0
255,chris giblin,lobbyist,0
256,sarah beth jansen,lobbyist,0
257,patricia readinger,lobbyist,0
258,michael ryan,lobbyist,0
259,julie hershey carr,lobbyist,0
260,rose sullivan,lobbyist,0
261,randi reid,lobbyist,0
262,david peluso,lobbyist,0
263,karen green,lobbyist,0
264,ryan thompson,lobbyist,0
265,marissa serafino,lobbyist,0
266,rashid hallaway,lobbyist,0
267,robert hobart,lobbyist,0
268,william jacoby lemos,lobbyist,0
269,erik fatemi,lobbyist,0
270,joel riethmiller,lobbyist,0
271,brian mclaughlin,lobbyist,0
272,camille bonta,lobbyist,0
273,daniel gans,lobbyist,0
274,chris miller,lobbyist,0
275,tracy spicer,lobbyist,0
276,kyle ruckert,lobbyist,0
277,michael hutton,lobbyist,0
278,paul brathwaite,lobbyist,0
279,scott parven,lobbyist,0
280,josh teitelbaum,lobbyist,0
281,john (kevin) brennan,lobbyist,0
282,alec hinojosa,lobbyist,0
283,luke johnson,lobbyist,0
284,jon hrobsky,lobbyist,0
285,genevieve bresnahan,lobbyist,0
286,kameron simmons,lobbyist,0
287,amy davenport,lobbyist,0
288,samantha martin,lobbyist,0
289,keri richmond,lobbyist,0
290,gregory louer,lobbyist,0
291,clifford roberti,lobbyist,0
292,chris matthiesen,lobbyist,0
293,stefan bailey,lobbyist,0
294,elizabeth hart thompson,lobbyist,0
295,rich meade,lobbyist,0
296,bob okun,lobbyist,0
297,edward ayoob,lobbyist,0
298,david crane,lobbyist,0
299,dennis potter,lobbyist,0
300,scott nelson,lobbyist,0
301,kerry feehery,lobbyist,0
302,karl koch,lobbyist,0
303,jonathan gregory,lobbyist,0
304,jonathon jones,lobbyist,0
305,bryant hall,lobbyist,0
306,chase kroll,lobbyist,0
307,s. tyler jameson,lobbyist,0
308,charles brereton,lobbyist,0
309,meg gilley,lobbyist,0
310,michael merola,lobbyist,0
311,charla penn mcmanus,lobbyist,0
312,shane doucet,lobbyist,0
313,joseph gibson,lobbyist,0
314,amanda wood,lobbyist,0
315,charlie harman,lobbyist,0
316,mike mckay,lobbyist,0
317,lavita strickland legrys,lobbyist,0
318,ann jablon,lobbyist,0
319,towner french,lobbyist,0
320,luke hatzis,lobbyist,0
321,aaron cohen,lobbyist,0
322,drew goesl,lobbyist,0
323,ivan zapien,lobbyist,0
324,sam geduldig,lobbyist,0
325,mike nielsen,lobbyist,0
326,jay cranford,lobbyist,0
327,doug schwartz,lobbyist,0
328,john stipicevic,lobbyist,0
329,juliane sullivan,lobbyist,0
330,mike freeman,lobbyist,0
331,katie mitchell,lobbyist,0
332,lauren o'brien,lobbyist,0
333,louis agnello,lobbyist,0
334,rohit kumar,lobbyist,0
335,ronald eritano,lobbyist,0
336,bob brooks,lobbyist,0
337,sam adcock,lobbyist,0
338,rodney whitlock,lobbyist,0
339,eli greenspan,lobbyist,0
340,mac campbell,lobbyist,0
341,nathaniel bell,lobbyist,0
342,david leiter,lobbyist,0
343,daniel wolf,lobbyist,0
344,cindy brown,lobbyist,0
345,david urban,lobbyist,0
346,sean mcglynn,lobbyist,0
347,greg louer,lobbyist,0
348,sara linder,lobbyist,0
349,virginia h. johnson,lobbyist,0
350,stephen northrup,lobbyist,0
351,stacey rampy,lobbyist,0
352,lindsay austin,lobbyist,0
353,tom tilton,lobbyist,0
354,helen tolar,lobbyist,0
355,christopher baxter,lobbyist,0
356,michael woody,lobbyist,0
357,andrew hawkins,lobbyist,0
358,kelly childress,lobbyist,0
359,robert bissen,lobbyist,0
360,jamie jones,lobbyist,0
361,susan ramthun,lobbyist,0
362,judithh gorsuch,lobbyist,0
363,patrick cavanagh,lobbyist,0
364,alexander sternhell,lobbyist,0
365,mike ahern,lobbyist,0
366,kristin m. smith,lobbyist,0
367,frank mccarthy,lobbyist,0
368,jeffrey walter,lobbyist,0
369,ethan pittleman,lobbyist,0
370,thomas culligan,lobbyist,0
371,john czerwinski,lobbyist,0
372,ludmilla savelieff,lobbyist,0
373,jennifer ortega,lobbyist,0
374,kathryn branson,lobbyist,0
375,david stratton edwards,lobbyist,0
376,william steve southerland,lobbyist,0
377,jeff mortier,lobbyist,0
378,sarah walter,lobbyist,0
379,kristen walsh,lobbyist,0
380,don smith,lobbyist,0
381,callie hickox,lobbyist,0
382,jamie tucker,lobbyist,0
383,sam olswanger,lobbyist,0
384,b. keith heard,lobbyist,0
385,jay heimbach,lobbyist,0
386,scott leezer,lobbyist,0
387,paul a. howard,lobbyist,0
388,elizabeth lee,lobbyist,0
389,brian diffell,lobbyist,0
390,charles cooper,lobbyist,0
391,nadeam elshami,lobbyist,0
392,brian dean,lobbyist,0
393,jason tai,lobbyist,0
394,langston emerson,lobbyist,0
395,roger gwinn,lobbyist,0
396,stephanie missert,lobbyist,0
397,andrew lewin,lobbyist,0
398,brent del monte,lobbyist,0
399,robb walton,lobbyist,0
400,christopher matthiesen,lobbyist,0
401,erskine wells,lobbyist,0
402,julia d'hemecourt,lobbyist,0
403,allison trexler,lobbyist,0
404,jennifer castagna,lobbyist,0
405,norma jane sabiston,lobbyist,0
406,zach monroe,lobbyist,0
407,sheryl cohen,lobbyist,0
408,matt mcalvanah,lobbyist,0
409,robert lehman,lobbyist,0
410,timothy martin,lobbyist,0
411,theodore bornstein,lobbyist,0
412,edward krenik,lobbyist,0
413,carolyn gluck,lobbyist,0
414,aryana khalid,lobbyist,0
415,brian gaston,lobbyist,0
416,steven boms,lobbyist,0
417,doyle bartlett,lobbyist,0
418,chris mccannell,lobbyist,0
419,travis johnson,lobbyist,0
420,greg mesack,lobbyist,0
421,bradford cheney,lobbyist,0
422,a. bradford card,lobbyist,0
423,shawna francis watley,lobbyist,0
424,joel johnson,lobbyist,0
425,andrew king,lobbyist,0
426,christina brown,lobbyist,0
427,edward cox,lobbyist,0
428,neal martin,lobbyist,0
429,r. neal martin,lobbyist,0
430,allison nyholm,lobbyist,0
431,will hollier,lobbyist,0
432,keith nelson,lobbyist,0
433,sarah egge,lobbyist,0
434,joe onek,lobbyist,0
435,irene bueno,lobbyist,0
436,gregory d. burns,lobbyist,0
437,robert van heuvelen,lobbyist,0
438,stephen ward,lobbyist,0
439,dan elling,lobbyist,0
440,joshua andrews,lobbyist,0
441,jackson spivey,lobbyist,0
442,jennifer latourette,lobbyist,0
443,matt henken,lobbyist,0
444,clint robinson,lobbyist,0
445,hunter moorhead,lobbyist,0
446,matt wise,lobbyist,0
447,bravo matt,lobbyist,0
448,lindsey craig,lobbyist,0
449,michael torrey,lobbyist,0
450,barbara patterson,lobbyist,0
451,seam mcglynn,lobbyist,0
452,d. patrick robertson,lobbyist,0
453,ludmilla kasulke (nee savelieff),lobbyist,0
454,eric rosen,lobbyist,0
455,katie wise,lobbyist,0
456,patrice willoughby,lobbyist,0
457,don kent,lobbyist,0
458,jeff choudhry,lobbyist,0
459,robert taylor,lobbyist,0
460,scott graves,lobbyist,0
461,mike ference,lobbyist,0
462,eric anthony,lobbyist,0
463,barry bennett,lobbyist,0
464,jesse appleton,lobbyist,0
465,jeff markey,lobbyist,0
466,melissa gierach,lobbyist,0
467,todd metcalf,lobbyist,0
468,sara franko,lobbyist,0
469,elizabeth greer,lobbyist,0
470,richard murphy,lobbyist,0
471,wesley ryan welch,lobbyist,0
472,dora hughes,lobbyist,0
473,jason rosenstock,lobbyist,0
474,andy keiser,lobbyist,0
475,ado machida,lobbyist,0
476,jeffery mortier,lobbyist,0
477,jeff mackinnon,lobbyist,0
478,matthew schlapp,lobbyist,0
479,andrew barbour,lobbyist,0
480,jack s. deuser,lobbyist,0
481,trevor kolego,lobbyist,0
482,summer mersinger,lobbyist,0
483,eric love,lobbyist,0
484,cliff roberti,lobbyist,0
485,allison f. kassir,lobbyist,0
486,lisa mortier,lobbyist,0
487,john herzog,lobbyist,0
488,ryan mulvenon,lobbyist,0
489,ray cole,lobbyist,0
490,joshua raymond,lobbyist,0
491,jeffrey stoltzfoos,lobbyist,0
492,james sartucci,lobbyist,0
493,andrew mckechnie,lobbyist,0
494,lori denham,lobbyist,0
495,jason mckitrick,lobbyist,0
496,jenny rosenberg,lobbyist,0
497,malloy mcdaniel,lobbyist,0
498,shimon stein,lobbyist,0
499,jennifer walsh,lobbyist,0
500,jim frogue,lobbyist,0
501,brandon clark,lobbyist,0
502,krista drobac,lobbyist,0
503,amy carnevale,lobbyist,0
504,stuart chapman,lobbyist,0
505,warren tryon,lobbyist,0
506,john mulligan,lobbyist,0
507,mark aitken,lobbyist,0
508,jared rifis,lobbyist,0
509,david spooner,lobbyist,0
510,brandt hershman,lobbyist,0
511,michael wessel,lobbyist,0
512,julie hrdlicka,lobbyist,0
513,william smith,lobbyist,0
514,kenneth cunningham,lobbyist,0
515,landon stropko,lobbyist,0
516,michael hettinger,lobbyist,0
517,j. david grossman,lobbyist,0
518,jan fowler,lobbyist,0
519,kelli briggs,lobbyist,0
520,stacey alexander,lobbyist,0
521,hap rigby,lobbyist,0
522,sarah blackwood,lobbyist,0
523,emily kirlin,lobbyist,0
524,kate rose,lobbyist,0
525,kristin welsh,lobbyist,0
526,elizabeth gore,lobbyist,0
527,elizabeth maier,lobbyist,0
528,jana denning,lobbyist,0
529,jason larrabee,lobbyist,0
530,grant leslie,lobbyist,0
531,joel leftwich,lobbyist,0
532,greg mastel,lobbyist,0
533,c. towner french,lobbyist,0
534,david myers,lobbyist,0
535,scott aliferis,lobbyist,0
536,amanda bunning kelsey,lobbyist,0
537,dave larson,lobbyist,0
538,adam bordes,lobbyist,0
539,bill viney,lobbyist,0
540,jon bouker,lobbyist,0
541,laura morgan-kessler,lobbyist,0
542,mitch vakerics,lobbyist,0
543,alexander g. nock,lobbyist,0
544,sean o'shea,lobbyist,0
545,kate dickens,lobbyist,0
546,charles thomas,lobbyist,0
547,shara aranoff,lobbyist,0
548,timothy yehl,lobbyist,0
549,judith gorsuch,lobbyist,0
550,scott brenner,lobbyist,0
551,lindsey ledwin,lobbyist,0
552,rob seidman,lobbyist,0
553,noe garcia,lobbyist,0
554,patrick cooney,lobbyist,0
555,layth elhassani,lobbyist,0
556,isaac brown,lobbyist,0
557,paul kavinoky,lobbyist,0
558,marne marotta,lobbyist,0
559,sebastien lasseur,lobbyist,0
560,kristen o'neill,lobbyist,0
561,jeremy rabinovitz,lobbyist,0
562,daris d. meeks,lobbyist,0
563,francis grab,lobbyist,0
564,stephen francis,lobbyist,0
565,weston coulam,lobbyist,0
566,jeff forbes,lobbyist,0
567,josh rubin,lobbyist,0
568,heather smith,lobbyist,0
569,zachary israel,lobbyist,0
570,austin harrison,lobbyist,0
571,noelle lundberg,lobbyist,0
572,mike lanza,lobbyist,0
573,matt pearce,lobbyist,0
574,elizabeth frazee,lobbyist,0
575,sarah dumont-merchak,lobbyist,0
576,debra dixon,lobbyist,0
577,arielle giordano,lobbyist,0
578,robert wasinger,lobbyist,0
579,rachel stauffer,lobbyist,0
580,brad gentile,lobbyist,0
581,laura johnson,lobbyist,0
582,marty paone,lobbyist,0
583,kodiak hill-davis,lobbyist,0
584,moses mercado,lobbyist,0
585,todd novascone,lobbyist,0
586,geoffrey gradler,lobbyist,0
587,theodore b. schroeder,lobbyist,0
588,michael rogers,lobbyist,0
589,henry altman,lobbyist,0
590,donna mullins,lobbyist,0
591,clarence williams,lobbyist,0
592,omar franco,lobbyist,0
593,erik olson,lobbyist,0
594,michael spira,lobbyist,0
595,michelle seger,lobbyist,0
596,michael scrivner,lobbyist,0
597,peter a. leon,lobbyist,0
598,mary schley,lobbyist,0
599,sarah vilms,lobbyist,0
600,matt bormet,lobbyist,0
601,william morley,lobbyist,0
602,"melissa ""missy"" edwards",lobbyist,0
603,michael barbera,lobbyist,0
604,cesar conda,lobbyist,0
605,susan nelson,lobbyist,0
606,toby short,lobbyist,0
607,todd tuten,lobbyist,0
608,heide bajnrauh,lobbyist,0
609,rob ehrich,lobbyist,0
610,neely silbey,lobbyist,0
611,julie philp,lobbyist,0
612,pat bousliman,lobbyist,0
613,jamie wall,lobbyist,0
614,edward hild,lobbyist,0
615,phil goldfeder,lobbyist,0
616,patricia deloatche,lobbyist,0
617,jodie curtis,lobbyist,0
618,sarah mills,lobbyist,0
619,nicolas muzin,lobbyist,0
620,jeff burton,lobbyist,0
621,bryce dustman,lobbyist,0
622,daniel graver,lobbyist,0
623,scott corley,lobbyist,0
624,brookley valencia,lobbyist,0
625,mike dubois,lobbyist,0
626,ali davidson,lobbyist,0
627,mary stanton,lobbyist,0
628,"israel ""izzy"" klein",lobbyist,0
629,darin gardner,lobbyist,0
630,andrew shore,lobbyist,0
631,jim jochum,lobbyist,0
632,robin weisman,lobbyist,0
633,jason isakovic,lobbyist,0
634,shane goettle,lobbyist,0
635,donald larson,lobbyist,0
636,matt mcginley,lobbyist,0
637,brendan dunn,lobbyist,0
638,allen jamerson,lobbyist,0
639,angela ambrose,lobbyist,0
640,nigel a. stephens,lobbyist,0
641,michael galano,lobbyist,0
642,lauri hettinger,lobbyist,0
643,heather meade,lobbyist,0
644,andrew littman,lobbyist,0
645,lauren bazel,lobbyist,0
646,j. michael hogan,lobbyist,0
647,tom quinn,lobbyist,0
648,cheryl jaeger,lobbyist,0
649,melanie lehnhardt,lobbyist,0
650,barrett thornhill,lobbyist,0
651,sloane skinner carlough,lobbyist,0
652,derek ross,lobbyist,0
653,dee buchanan,lobbyist,0
654,tucker shumack,lobbyist,0
655,david thompson,lobbyist,0
656,stephen peranich,lobbyist,0
657,emmett o'keefe,lobbyist,0
658,brett o'brien,lobbyist,0
659,susan brophy,lobbyist,0
660,cont. cont.,lobbyist,0
661,eriade williams,lobbyist,0
662,brad mollet,lobbyist,0
663,michelle staton,lobbyist,0
664,patrick martin,lobbyist,0
665,j. daniel walsh,lobbyist,0
666,randa fahmy,lobbyist,0
667,katherine vanlandingham,lobbyist,0
668,leslie pollner,lobbyist,0
669,lisa barkovic,lobbyist,0
670,stoney burke,lobbyist,0
671,gabriel neville,lobbyist,0
672,michael davis,lobbyist,0
673,kimberly linthicum,lobbyist,0
674,travis lucas,lobbyist,0
675,lori harju,lobbyist,0
676,joshua novotney,lobbyist,0
677,steven haro,lobbyist,0
678,al simpson,lobbyist,0
679,jennifer dale,lobbyist,0
680,julie eddy rokala,lobbyist,0
681,nicole diresta,lobbyist,0
682,rachel miller,lobbyist,0
683,derrick white,lobbyist,0
684,daniel tate,lobbyist,0
685,sander lurie,lobbyist,0
686,natascha cumberlidge,lobbyist,0
687,tyler roberts,lobbyist,0
688,george caram,lobbyist,0
689,ed krenik,lobbyist,0
690,elizabeth burks,lobbyist,0
691,leslie belcher,lobbyist,0
692,michael zehr,lobbyist,0
693,james jochum,lobbyist,0
694,emily vaughan,lobbyist,0
695,patrick foley,lobbyist,0
696,gary palmquist,lobbyist,0
697,kerri talbot,lobbyist,0
698,israel klein,lobbyist,0
699,alexander lurie,lobbyist,0
700,john russell,lobbyist,0
701,georgette sierra,lobbyist,0
702,justin mccarthy,lobbyist,0
703,aissa canchola,lobbyist,0
704,brett thompson,lobbyist,0
705,chandler morse,lobbyist,0
706,ruth hazdovac,lobbyist,0
707,john gilliland,lobbyist,0
708,patrick raffaniello,lobbyist,0
709,kelly lange,lobbyist,0
710,amy andryszak,lobbyist,0
711,kelsey gorman,lobbyist,0
712,madeleine pike,lobbyist,0
713,gabe neville,lobbyist,0
714,rob mangas,lobbyist,0
715,bob siggins,lobbyist,0
716,karen williams,lobbyist,0
717,james reid,lobbyist,0
718,marc scheineson,lobbyist,0
719,peter j. eckrich,lobbyist,0
720,angela ebiner,lobbyist,0
721,katherine flocken,lobbyist,0
722,justin rzepka,lobbyist,0
723,blaine nolan,lobbyist,0
724,elizabeth thompson,lobbyist,0
725,sudafi henry,lobbyist,0
726,jeffrey goff,lobbyist,0
727,matt hoffmann,lobbyist,0
728,remy brim,lobbyist,0
729,karissa willhite,lobbyist,0
730,phillip bianchi,lobbyist,0
731,andrew palmer,lobbyist,0
732,william t. (marty) irby,lobbyist,0
733,edward steiner,lobbyist,0
734,christopher sullivan,lobbyist,0
735,eli schooley,lobbyist,0
736,keith pemrick,lobbyist,0
737,patrick grant,lobbyist,0
738,joseph eannello,lobbyist,0
739,robert wagener,lobbyist,0
740,george callas,lobbyist,0
741,paul edattel,lobbyist,0
742,melissa mueller,lobbyist,0
743,lauren broccoli,lobbyist,0
744,melissa bonicelli,lobbyist,0
745,joshua m. finestone,lobbyist,0
746,chris fish,lobbyist,0
747,javier llano,lobbyist,0
748,lauren baker,lobbyist,0
749,dawn sears,lobbyist,0
750,bryan blom,lobbyist,0
751,ben turner,lobbyist,0
752,darrel thompson,lobbyist,0
753,drew willison,lobbyist,0
754,rick desimone,lobbyist,0
755,greg mitchell,lobbyist,0
756,jennifer stewart,lobbyist,0
757,ebony simpson,lobbyist,0
758,valerie nelson,lobbyist,0
759,chris fetzer,lobbyist,0
760,ryan smith,lobbyist,0
761,szu-nien su,lobbyist,0
762,valerie west,lobbyist,0
763,matt hermann,lobbyist,0
764,alan hill,lobbyist,0
765,amy tejral,lobbyist,0
766,elizabeth barnett,lobbyist,0
767,mike chappell,lobbyist,0
768,aleix jarvis,lobbyist,0
769,kate hull,lobbyist,0
770,billy piper,lobbyist,0
771,tyler stephens,lobbyist,0
772,eric zulkosky,lobbyist,0
773,matt hill,lobbyist,0
774,arturo estopinan,lobbyist,0
775,craig felner,lobbyist,0
776,michaela sims,lobbyist,0
777,edward prettyman,lobbyist,0
778,david whitestone,lobbyist,0
779,richard oliver schwab,lobbyist,0
780,aimee ghosh,lobbyist,0
781,christopher wilcox,lobbyist,0
782,ryan grillo,lobbyist,0
783,kristin herrmann,lobbyist,0
784,james derderian,lobbyist,0
785,erin strawn,lobbyist,0
786,valerie henry,lobbyist,0
787,a bradford card,lobbyist,0
788,john ray,lobbyist,0
789,maria price,lobbyist,0
790,tracey laturner,lobbyist,0
791,jesse barba,lobbyist,0
792,bobby cornett,lobbyist,0
793,matthew knoedler,lobbyist,0
794,j. allen martin,lobbyist,0
795,racher miller,lobbyist,0
796,jay driscoll,lobbyist,0
797,dan mcfaul,lobbyist,0
798,benjamin dunham,lobbyist,0
799,robert a. russell,lobbyist,0
800,kyle simmons,lobbyist,0
801,zach rudisill,lobbyist,0
802,sally vastola,lobbyist,0
803,christopher scott fay,lobbyist,0
804,patrick brennan,lobbyist,0
805,catharine ransom,lobbyist,0
806,mark h. rayder,lobbyist,0
807,jessica tocco,lobbyist,0
808,dave myers,lobbyist,0
809,jake perry,lobbyist,0
810,amy lombardo,lobbyist,0
811,jorge castro,lobbyist,0
812,jeffrey mortier,lobbyist,0
813,jeffery mackinnon,lobbyist,0
814,clark fonda,lobbyist,0
815,joe trauger,lobbyist,0
816,gregg rothschild,lobbyist,0
817,gina foote,lobbyist,0
818,brian griffin,lobbyist,0
819,daniel meyer,lobbyist,0
820,anne wall,lobbyist,0
821,anne bradbury,lobbyist,0
822,kerry o'hare,lobbyist,0
823,sarah hamlett,lobbyist,0
824,tony bullock,lobbyist,0
825,paul reagan,lobbyist,0
826,clint lohse,lobbyist,0
827,cody hoefer,lobbyist,0
828,robert freeman,lobbyist,0
829,david beaudreau,lobbyist,0
830,jeffrey ziarko,lobbyist,0
831,anjulen anderson,lobbyist,0
832,megan herber,lobbyist,0
833,roosevelt daniels,lobbyist,0
834,patricia reilly,lobbyist,0
835,stephanie kenann,lobbyist,0
836,erika long,lobbyist,0
837,jane sargent,lobbyist,0
838,chris caron,lobbyist,0
839,w. roger gwinn,lobbyist,0
840,luis baco,lobbyist,0
841,surya gunasekara,lobbyist,0
842,randy devalk,lobbyist,0
843,paul poteet,lobbyist,0
844,nick sutter,lobbyist,0
845,alexander silbey,lobbyist,0
846,emily murry,lobbyist,0
847,shelley landry,lobbyist,0
848,stephen ruhlen,lobbyist,0
849,shane skelton,lobbyist,0
850,mervyn jones,lobbyist,0
851,carlyle thorsen,lobbyist,0
852,laura uttley,lobbyist,0
853,ben mcmakin,lobbyist,0
854,paul cambon,lobbyist,0
855,brian glackin,lobbyist,0
856,james gauthier,lobbyist,0
857,geoff werth,lobbyist,0
858,leighanna comstock,lobbyist,0
859,daniel muroff,lobbyist,0
860,john thomas,lobbyist,0
861,caitlin berni,lobbyist,0
862,pat boulisman,lobbyist,0
863,jim twaddell,lobbyist,0
864,olivia neistat,lobbyist,0
865,jeff sadosky,lobbyist,0
866,francesca mccrary,lobbyist,0
867,dan tate,lobbyist,0
868,nancy fox,lobbyist,0
869,michael s scrivner,lobbyist,0
870,peter a leon,lobbyist,0
871,brian darling,lobbyist,0
872,david quinalty,lobbyist,0
873,todd womack,lobbyist,0
874,brent wiles,lobbyist,0
875,john goetz,lobbyist,0
876,brent heberlee,lobbyist,0
877,gordon taylor,lobbyist,0
878,sherry widicus,lobbyist,0
879,richard hoar,lobbyist,0
880,christine pellerin,lobbyist,0
881,regina mahony,lobbyist,0
882,drew cantor,lobbyist,0
883,michael j. bell,lobbyist,0
884,susan zook,lobbyist,0
885,mary beth savary taylor,lobbyist,0
886,stacey hughes,lobbyist,0
887,rachel jones hensler,lobbyist,0
888,michael drobac,lobbyist,0
889,steven crane,lobbyist,0
890,hazen marshall,lobbyist,0
891,monica popp,lobbyist,0
892,darrin munoz,lobbyist,0
893,allen bradford card,lobbyist,0
894,angie melton,lobbyist,0
895,oscar ramirez,lobbyist,0
896,dana thompson,lobbyist,0
897,katherine raab,lobbyist,0
898,john richter,lobbyist,0
899,david lesstrang (no contact with approps comm.),lobbyist,0
900,sheila murphy,lobbyist,0
901,jason s mckitrick,lobbyist,0
902,greg mccannell,lobbyist,0
903,thomas o'donnell,lobbyist,0
904,micah johnson,lobbyist,0
905,menda fife,lobbyist,0
906,robert carey,lobbyist,0
907,leonard collins,lobbyist,0
908,julie nolan,lobbyist,0
909,mariah sixkiller,lobbyist,0
910,lindsey tonsager,lobbyist,0
911,craig kalkut,lobbyist,0
912,michaeleen earle crowell,lobbyist,0
913,andrew kent,lobbyist,0
914,tod preston,lobbyist,0
915,kerry o'brien,lobbyist,0
916,alissa wilcox clees,lobbyist,0
917,matthew hoffmann,lobbyist,0
918,kevin talley,lobbyist,0
919,jason everett,lobbyist,0
920,robert harris,lobbyist,0
921,anne urban,lobbyist,0
922,michael mchugh,lobbyist,0
923,sara barba,lobbyist,0
924,art estopinan,lobbyist,0
925,joshua kardon,lobbyist,0
926,patrick cuff,lobbyist,0
927,angela flood,lobbyist,0
928,doug nappi,lobbyist,0
929,harriet melvin,lobbyist,0
930,joseph rubin,lobbyist,0
931,gregory m. gill,lobbyist,0
932,lindley sherer,lobbyist,0
933,bonnie walker armstrong,lobbyist,0
934,carmencita whonder,lobbyist,0
935,devon seibert-bailey,lobbyist,0
936,christopher delacy,lobbyist,0
937,kristina dunklin,lobbyist,0
938,maura keefe,lobbyist,0
939,sarah mae stevens,lobbyist,0
940,jennifer carrier,lobbyist,0
941,nat bell,lobbyist,0
942,john weinfurter,lobbyist,0
943,mimi simoneaux kneuer,lobbyist,0
944,shawna francis  watley,lobbyist,0
945,alison esquea,lobbyist,0
946,andrew tharp,lobbyist,0
947,mitch butler,lobbyist,0
948,zach israel,lobbyist,0
949,katherine keating,lobbyist,0
950,emily emery,lobbyist,0
951,elizabeth spivey,lobbyist,0
952,randal meyer,lobbyist,0
953,casey stokes,lobbyist,0
954,edward hill,lobbyist,0
955,nichole distefano,lobbyist,0
956,joshua h. raymond,lobbyist,0
957,nicholas d. choate,lobbyist,0
958,jeremy scott,lobbyist,0
959,martin cancienne,lobbyist,0
960,virgil miller,lobbyist,0
961,caryn dyson,lobbyist,0
962,byron brown,lobbyist,0
963,aleta greer,lobbyist,0
964,hope hurley,lobbyist,0
965,john kasich,representative,0
966,george nethercutt,representative,0
967,jim bunning,representative,0
968,dave camp,representative,0
969,tom cole,representative,1090096
970,jim gerlach,representative,0
971,van hilleary,representative,0
972,bill nelson,representative,2505695.19
973,connie mack,representative,0
974,gordon smith,representative,0
975,jay inslee,representative,1200
976,bart gordon,representative,0
977,thad cochran,representative,50475
978,barbara boxer,representative,0
979,james traficant,representative,0
980,w. tauzin,representative,0
981,steny hoyer,representative,3016867.74
982,mike thompson,representative,1442119.36
983,bob graham,representative,0
984,jim demint,representative,0
985,william frist,representative,0
986,john boehner,representative,0
987,tom harkin,representative,0
988,carol moseley-braun,representative,0
989,charles schumer,representative,152500
990,john cornyn,representative,1258660.42
991,roy blunt,representative,535525
992,steve largent,representative,0
993,debbie stabenow,representative,2902908.28
994,richard bryan,representative,0
995,joseph lieberman,representative,0
996,dan boren,representative,0
997,darlene hooley,representative,0
998,tony hall,representative,0
999,rush holt,representative,0
1000,james langevin,representative,608961.6
1001,juanita millender-mcdonald,representative,0
1002,ann wagner,representative,1649300
1003,arlen specter,representative,0
1004,mike ferguson,representative,0
1005,david mcintosh,representative,0
1006,john myers,representative,0
1007,johnny isakson,representative,0
1008,saxby chambliss,representative,0
1009,zell miller,representative,0
1010,allen boyd,representative,0
1011,rob portman,representative,806915
1012,kay hutchison,representative,0
1013,mike dewine,representative,0
1014,richard shelby,representative,0
1015,mitch mcconnell,representative,1401469.11
1016,trent lott,representative,0
1017,max baucus,representative,0
1018,norman mineta,representative,0
1019,zoe lofgren,representative,560550
1020,albert gore,representative,0
1021,john shadegg,representative,0
1022,william dannemeyer,representative,0
1023,chris van,representative,0
1024,louise slaughter,representative,332675
1025,rahm emanuel,representative,0
1026,carolyn mccarthy,representative,0
1027,tom delay,representative,0
1028,ralph regula,representative,0
1029,bob franks,representative,0
1030,bud shuster,representative,0
1031,tom udall,representative,104700
1032,daniel coats,representative,0
1033,judd gregg,representative,0
1034,elizabeth dole,representative,0
1035,joe scarborough,representative,0
1036,dan burton,representative,0
1037,mark souder,representative,0
1038,steven rothman,representative,0
1039,bill pascrell,representative,0
1040,kay granger,representative,983553.04
1041,larry craig,representative,0
1042,leonard lance,representative,1187190.75
1043,john glenn,representative,0
1044,albio sires,representative,319786.67
1045,patty murray,representative,373700
1046,michael burgess,representative,1179357.64
1047,kevin brady,representative,3329827.24
1048,jerrold nadler,representative,705859.5
1049,christopher gibson,representative,0
1050,david loebsack,representative,1198643.24
1051,robert hurt,representative,0
1052,jack kingston,representative,0
1053,virgil goode,representative,0
1054,mario diaz-balart,representative,1505912.97
1055,sherrod brown,representative,2580379.5
1056,mary landrieu,representative,0
1057,bob gibbs,representative,0
1058,melissa hart,representative,0
1059,jim turner,representative,0
1060,chip cravaack,representative,0
1061,louie gohmert,representative,0
1062,jane harman,representative,0
1063,dianne feinstein,representative,1494112
1064,ken calvert,representative,92000
1065,ed whitfield,representative,0
1066,bill huizenga,representative,0
1067,robert matsui,representative,0
1068,stephen horn,representative,0
1069,david hobson,representative,0
1070,bob smith,representative,0
1071,ernest hollings,representative,0
1072,hillary clinton,representative,0
1073,jeff bingaman,representative,0
1074,sam gejdenson,representative,0
1075,marco rubio,representative,411150
1076,steve scalise,representative,140530
1077,eric cantor,representative,0
1078,mark hatfield,representative,0
1079,frank lobiondo,representative,292150
1080,mark warner,representative,1047250
1081,gregory meeks,representative,906600
1082,barney frank,representative,0
1083,frank wolf,representative,0
1084,tim scott,representative,0
1085,kenny marchant,representative,994734.29
1086,lee zeldin,representative,1362539.04
1087,marsha blackburn,representative,5219802.34
1088,robert bennett,representative,0
1089,james hansen,representative,0
1090,howard nielson,representative,0
1091,mike crapo,representative,0
1092,brad miller,representative,0
1093,stephen neal,representative,0
1094,william jefferson,representative,0
1095,charles robb,representative,0
1096,greg walden,representative,0
1097,newt gingrich,representative,0
1098,herb kohl,representative,0
1099,john shimkus,representative,1895393.95
1100,john doolittle,representative,0
1101,walter jones,representative,224120
1102,rick hill,representative,0
1103,mark pryor,representative,0
1104,ernie fletcher,representative,0
1105,alfonse d'amato,representative,0
1106,wally herger,representative,0
1107,thomas reynolds,representative,0
1108,tom latham,representative,0
1109,rodney frelinghuysen,representative,854226.68
1110,dean gallo,representative,0
1111,doug bereuter,representative,0
1112,doug lamborn,representative,0
1113,robert menendez,representative,1534118.62
1114,john east,representative,0
1115,michael castle,representative,0
1116,john porter,representative,0
1117,nathan deal,representative,0
1118,anna eshoo,representative,661690
1119,chuck hagel,representative,0
1120,harry reid,representative,0
1121,kelly ayotte,representative,0
1122,mark kirk,representative,0
1123,timothy johnson,representative,0
1124,don nickles,representative,0
1125,john warner,representative,0
1126,sue myrick,representative,0
1127,madeleine bordallo,representative,39975
1128,henry bonilla,representative,0
1129,david dennis,representative,0
1130,j. hastert,representative,0
1131,porter goss,representative,0
1132,james barcia,representative,0
1133,amy klobuchar,representative,1494110.13
1134,lindsey graham,representative,867500
1135,jim kolbe,representative,0
1136,chris bell,representative,0
1137,melissa bean,representative,0
1138,adrian smith,representative,1068750
1139,lee terry,representative,0
1140,jeff sessions,representative,0
1141,roscoe bartlett,representative,0
1142,john mccain,representative,0
1143,rick santorum,representative,0
1144,howard mckeon,representative,0
1145,joni ernst,representative,924963.53
1146,ben nelson,representative,0
1147,dennis eckart,representative,0
1148,michael enzi,representative,291600
1149,larry kissell,representative,0
1150,brad ellsworth,representative,0
1151,evan bayh,representative,0
1152,pat toomey,representative,0
1153,hank brown,representative,0
1154,lucille roybal-allard,representative,377800
1155,tom bliley,representative,0
1156,phil english,representative,0
1157,neil abercrombie,representative,0
1158,gerald solomon,representative,0
1159,e. shaw,representative,0
1160,jim nussle,representative,0
1161,paul ryan,representative,368700
1162,ron johnson,representative,0
1163,mark meadows,representative,551713.75
1164,ted strickland,representative,0
1165,charles norwood,representative,0
1166,roger wicker,representative,2140962.09
1167,zachary space,representative,0
1168,ralph hall,representative,0
1169,ted stevens,representative,0
1170,earl pomeroy,representative,0
1171,bill bradley,representative,0
1172,bill shuster,representative,0
1173,patrick mchenry,representative,2125300
1174,byron dorgan,representative,0
1175,deb fischer,representative,0
1176,diane black,representative,230750
1177,dennis cardoza,representative,0
1178,nancy pelosi,representative,1421399.34
1179,kirsten gillibrand,representative,846868.22
1180,lamar smith,representative,268040
1181,jim saxton,representative,0
1182,david vitter,representative,0
1183,david obey,representative,0
1184,lamar alexander,representative,266700
1185,heath shuler,representative,0
1186,lincoln davis,representative,0
1187,bob clement,representative,0
1188,john tanner,representative,0
1189,mike mcintyre,representative,0
1190,larry combest,representative,0
1191,mike espy,representative,0
1192,charles pickering,representative,0
1193,gregg harper,representative,259000
1194,ellen tauscher,representative,0
1195,xavier becerra,representative,0
1196,geoff davis,representative,0
1197,jo bonner,representative,0
1198,richard gephardt,representative,0
1199,john sarbanes,representative,0
1200,paul sarbanes,representative,0
1201,jason chaffetz,representative,0
1202,john thune,representative,758487
1203,c. ruppersberger,representative,0
1204,floyd spence,representative,0
1205,george miller,representative,0
1206,will hurd,representative,0
1207,j. mcmillan,representative,0
1208,bob riley,representative,0
1209,william martini,representative,0
1210,john ensign,representative,0
1211,james inhofe,representative,711629
1212,cliff stearns,representative,0
1213,benjamin cardin,representative,1593761.56
1214,patrick kennedy,representative,0
1215,claire mccaskill,representative,2401313.57
1216,ron wyden,representative,0
1217,herbert bateman,representative,0
1218,john kerry,representative,0
1219,shelley berkley,representative,0
1220,wayne allard,representative,0
1221,sam brownback,representative,0
1222,tom coburn,representative,0
1223,steve israel,representative,0
1224,joseph pitts,representative,0
1225,cathy mcmorris,representative,0
1226,gus bilirakis,representative,1015367.23
1227,jeanne shaheen,representative,708432.61
1228,zach wamp,representative,0
1229,nita lowey,representative,639427.58
1230,hansen clarke,representative,0
1231,daniel inouye,representative,0
1232,baron hill,representative,0
1233,john carney,representative,0
1234,richard durbin,representative,389900
1235,david reichert,representative,0
1236,edward kennedy,representative,0
1237,nicholas mavroules,representative,0
1238,kay hagan,representative,0
1239,rosa delauro,representative,670820
1240,bob schaffer,representative,0
1241,scott mcinnis,representative,0
1242,pete sessions,representative,2216874.86
1243,orrin hatch,representative,1991166
1244,rob bishop,representative,0
1245,george voinovich,representative,0
1246,trey gowdy,representative,155690.43
1247,fernand st,representative,0
1248,randy neugebauer,representative,0
1249,suzanne kosmas,representative,0
1250,nick lampson,representative,0
1251,nick rahall,representative,0
1252,robert michel,representative,0
1253,phil gramm,representative,0
1254,mel martinez,representative,0
1255,george lemieux,representative,0
1256,jim davis,representative,0
1257,norman sisisky,representative,0
1258,thomas carper,representative,1922183.64
1259,michele bachmann,representative,0
1260,heidi heitkamp,representative,2920093.62
1261,richard burr,representative,65500
1262,robert torricelli,representative,0
1263,christopher john,representative,0
1264,richard neal,representative,2985503.01
1265,lincoln diaz-balart,representative,0
1266,judy biggert,representative,0
1267,peter roskam,representative,3124389.63
1268,mike ross,representative,0
1269,blanche lincoln,representative,0
1270,bob barr,representative,0
1271,jim gibbons,representative,0
1272,kevin mccarthy,representative,3519408.5
1273,todd akin,representative,0
1274,anne northup,representative,0
1275,mike lee,representative,146750
1276,paul cook,representative,718349
1277,devin nunes,representative,1547946.06
1278,martin heinrich,representative,3825179.12
1279,doris matsui,representative,875591.26
1280,lloyd doggett,representative,484411.69
1281,jim mccrery,representative,0
1282,jay dickey,representative,0
1283,chuck grassley,representative,0
1284,robert andrews,representative,0
1285,wendell ford,representative,0
1286,jared huffman,representative,401322.7
1287,ron kind,representative,0
1288,barbara mikulski,representative,0
1289,steve driehaus,representative,0
1290,dan benishek,representative,0
1291,hamilton fish,representative,0
1292,lynn westmoreland,representative,0
1293,betty sutton,representative,0
1294,john boozman,representative,196600
1295,marion berry,representative,0
1296,mike rogers,representative,0
1297,robert kasten,representative,0
1298,matthew martinez,representative,0
1299,jon kyl,representative,0
1300,tim holden,representative,0
1301,craig james,representative,0
1302,edward royce,representative,0
1303,bob corker,representative,0
1304,denny rehberg,representative,0
1305,olympia snowe,representative,0
1306,conrad burns,representative,0
1307,sue kelly,representative,0
1308,kurt schrader,representative,1612905.69
1309,thomas petri,representative,0
1310,todd rokita,representative,0
1311,lou barletta,representative,1779747.58
1312,john sullivan,representative,0
1313,steve southerland,representative,0
1314,john breaux,representative,0
1315,tom bevill,representative,0
1316,daniel webster,representative,160727.07
1317,jon porter,representative,0
1318,susan collins,representative,977840.09
1319,tammy baldwin,representative,1889701.77
1320,adam putnam,representative,0
1321,felix grucci,representative,0
1322,janice schakowsky,representative,446500
1323,william lipinski,representative,0
1324,michael capuano,representative,780686.65
1325,carolyn kilpatrick,representative,0
1326,vic fazio,representative,0
1327,dennis moore,representative,0
1328,max sandlin,representative,0
1329,steven palazzo,representative,593600
1330,vance mcallister,representative,0
1331,christopher dodd,representative,0
1332,scott tipton,representative,868345.99
1333,les aspin,representative,0
1334,richard armey,representative,0
1335,gary ackerman,representative,0
1336,bill mccollum,representative,0
1337,paul kanjorski,representative,0
1338,michael mcmahon,representative,0
1339,joseph crowley,representative,1750095.23
1340,tom price,representative,0
1341,brad sherman,representative,645299
1342,john sweeney,representative,0
1343,j. kerrey,representative,0
1344,howard metzenbaum,representative,0
1345,bob casey,representative,0
1346,max cleland,representative,0
1347,lisa murkowski,representative,546382
1348,pete domenici,representative,0
1349,jeff miller,representative,0
1350,matt gaetz,representative,348450
1351,edward roybal,representative,0
1352,alan cranston,representative,0
1353,kent conrad,representative,0
1354,nancy johnson,representative,0
1355,jim ramstad,representative,0
1356,mark begich,representative,0
1357,steven latourette,representative,0
1358,robert borski,representative,0
1359,ed perlmutter,representative,0
1360,mark udall,representative,0
1361,john linder,representative,0
1362,mary fallin,representative,0
1363,dave weldon,representative,0
1364,mike pence,representative,0
1365,nancy kassebaum,representative,0
1366,sheila frahm,representative,0
1367,john rockefeller,representative,0
1368,anthony weiner,representative,0
1369,vern buchanan,representative,0
1370,barbara lee,representative,486317.06
1371,thomas ridge,representative,0
1372,trent franks,representative,93250
1373,k. conaway,representative,0
1374,blake farenthold,representative,0
1375,jean schmidt,representative,0
1376,jim talent,representative,0
1377,doc hastings,representative,0
1378,jack metcalf,representative,0
1379,charles boustany,representative,0
1380,dennis ross,representative,586331.15
1381,dana rohrabacher,representative,344189.07
1382,barack obama,representative,0
1383,tom lantos,representative,0
1384,robert weygand,representative,0
1385,dick cheney,representative,0
1386,joe barton,representative,214844.39
1387,todd tiahrt,representative,0
1388,bart stupak,representative,0
1389,chris cannon,representative,0
1390,melvin watt,representative,0
1391,paul mchale,representative,0
1392,christopher murphy,representative,1380836.67
1393,jeb hensarling,representative,472250
1394,norm coleman,representative,0
1395,calvin dooley,representative,0
1396,russell feingold,representative,0
1397,john ashcroft,representative,0
1398,robert aderholt,representative,1151444.15
1399,jay kim,representative,0
1400,spencer bachus,representative,0
1401,adam smith,representative,0
1402,wes cooley,representative,0
1403,steve buyer,representative,0
1404,mark dayton,representative,0
1405,cynthia lummis,representative,0
1406,barbara cubin,representative,0
1407,tom davis,representative,0
1408,james clyburn,representative,2115473.76
1409,patrick tiberi,representative,1469650
1410,jim matheson,representative,0
1411,jerry costello,representative,0
1412,allyson schwartz,representative,0
1413,james jeffords,representative,0
1414,chet edwards,representative,0
1415,john olver,representative,0
1416,jeff denham,representative,2525861.72
1417,thomas daschle,representative,0
1418,ken salazar,representative,0
1419,pat roberts,representative,403700
1420,fred upton,representative,0
1421,harris fawell,representative,0
1422,louis stokes,representative,0
1423,william clay,representative,695692.77
1424,scott klug,representative,0
1425,eleanor norton,representative,325700
1426,renee ellmers,representative,0
1427,robert pittenger,representative,731777.21
1428,frank lautenberg,representative,0
1429,frank pallone,representative,2215154.63
1430,dick swett,representative,0
1431,michael bennet,representative,128950
1432,nydia velazquez,representative,692265
1433,maria cantwell,representative,26652.47
1434,richard pombo,representative,0
1435,john barrasso,representative,2588365
1436,gene green,representative,0
1437,lois capps,representative,0
1438,walter capps,representative,0
1439,carolyn maloney,representative,1087687.07
1440,stephen solarz,representative,0
1441,robert scott,representative,521669.08
1442,scott murphy,representative,0
1443,bill archer,representative,0
1444,bob goodlatte,representative,0
1445,andy harris,representative,0
1446,diana degette,representative,747100
1447,john tierney,representative,0
1448,john katko,representative,1513990.79
1449,jerry moran,representative,334800
1450,christopher coons,representative,403300
1451,jack reed,representative,0
1452,barbara comstock,representative,1835635.38
1453,kendrick meek,representative,0
1454,alexander mooney,representative,811348.75
1455,norman lent,representative,0
1456,eliot engel,representative,495276.63
1457,barbara kennelly,representative,0
1458,curt weldon,representative,0
1459,michael bilirakis,representative,0
1460,john campbell,representative,0
1461,gil gutknecht,representative,0
1462,constance morella,representative,0
1463,ileana ros-lehtinen,representative,0
1464,christopher bond,representative,0
1465,james maloney,representative,0
1466,bill orton,representative,0
1467,thomas barrett,representative,0
1468,ted cruz,representative,0
1469,heather wilson,representative,0
1470,philip crane,representative,0
1471,gabrielle giffords,representative,0
1472,james rogan,representative,0
1473,luther strange,representative,1712076
1474,carlos curbelo,representative,2416313.89
1475,tim hutchinson,representative,0
1476,john hoeven,representative,237099
1477,brian kerns,representative,0
1478,john peterson,representative,0
1479,yvette clarke,representative,709118.75
1480,albert wynn,representative,0
1481,dick zimmer,representative,0
1482,strom thurmond,representative,0
1483,al franken,representative,71550
1484,william cowan,representative,0
1485,peter visclosky,representative,822259.74
1486,jeff flake,representative,2207450
1487,rand paul,representative,106433.41
1488,gene taylor,representative,0
1489,ron klink,representative,0
1490,jim bates,representative,0
1491,robert brady,representative,140900
1492,tim johnson,representative,0
1493,betsy markey,representative,0
1494,wayne gilchrest,representative,0
1495,jack buechner,representative,0
1496,spencer abraham,representative,0
1497,tim mahoney,representative,0
1498,mark foley,representative,0
1499,charles taylor,representative,0
1500,john carter,representative,1099246.15
1501,mick mulvaney,representative,0
1502,jason altmire,representative,0
1503,dan sullivan,representative,725185.46
1504,jeff fortenberry,representative,0
1505,wes watkins,representative,0
1506,mark sanford,representative,0
1507,sherwood boehlert,representative,0
1508,ken bentsen,representative,0
1509,rick larsen,representative,916250
1510,thomas ewing,representative,0
1511,bill brewster,representative,0
1512,darin lahood,representative,1660976.12
1513,charles canady,representative,0
1514,willis gradison,representative,0
1515,mike rounds,representative,820407.4
1516,kristi noem,representative,22475
1517,mike quigley,representative,720118
1518,major owens,representative,0
1519,emanuel cleaver,representative,954015.71
1520,joe knollenberg,representative,0
1521,elizabeth warren,representative,349378
1522,charles fleischmann,representative,591219.05
1523,sam farr,representative,0
1524,kevin yoder,representative,2366082.75
1525,jerry weller,representative,0
1526,richard hanna,representative,0
1527,tom graves,representative,0
1528,dean heller,representative,3414659
1529,luis fortuno,representative,0
1530,sean duffy,representative,1538400
1531,james himes,representative,0
1532,eddie johnson,representative,354170.77
1533,donald manzullo,representative,0
1534,mike johanns,representative,0
1535,david schweikert,representative,966394.56
1536,daniel moynihan,representative,0
1537,michael arcuri,representative,0
1538,mike kelly,representative,0
1539,jim bunn,representative,0
1540,marcia fudge,representative,624345.81
1541,dan schaefer,representative,0
1542,bob livingston,representative,0
1543,david cicilline,representative,511068.85
1544,john spratt,representative,0
1545,luis gutierrez,representative,33500
1546,michael simpson,representative,827850
1547,stephanie jones,representative,0
1548,sam johnson,representative,0
1549,rod grams,representative,0
1550,ted poe,representative,147500
1551,vin weber,representative,0
1552,peter king,representative,0
1553,thelma drake,representative,0
1554,jim webb,representative,0
1555,steve russell,representative,0
1556,sander levin,representative,82750
1557,mary bono,representative,0
1558,sheila jackson,representative,0
1559,john lewis,representative,643277.02
1560,jenniffer gonzalez-colon,representative,0
1561,carlos romero-barcelo,representative,0
1562,james renacci,representative,1349286.26
1563,richard baker,representative,0
1564,walter minnick,representative,0
1565,pete olson,representative,0
1566,robert latta,representative,1172081.55
1567,tim ryan,representative,0
1568,scott taylor,representative,1020760.61
1569,john larson,representative,1242572.07
1570,elijah cummings,representative,790599
1571,marge roukema,representative,0
1572,silvio conte,representative,0
1573,fred thompson,representative,0
1574,dave durenberger,representative,0
1575,jesse jackson,representative,0
1576,hilda solis,representative,0
1577,al green,representative,0
1578,joe baca,representative,11200
1579,maxine waters,representative,741350.7
1580,elton gallegly,representative,0
1581,michelle lujan,representative,0
1582,wayne grisham,representative,0
1583,robert casey,representative,2668030.27
1584,jerry lewis,representative,0
1585,corrine brown,representative,0
1586,george allen,representative,0
1587,patrick meehan,representative,874810
1588,richard lugar,representative,0
1589,denise majette,representative,0
1590,charles dent,representative,375563.16
1591,tom marino,representative,0
1592,rod blagojevich,representative,0
1593,william keating,representative,656140
1594,bill delahunt,representative,0
1595,g. butterfield,representative,0
1596,mike coffman,representative,1295950
1597,stevan pearce,representative,0
1598,charles hatcher,representative,0
1599,george gekas,representative,0
1600,steve chabot,representative,1005324.88
1601,elise stefanik,representative,1577276.68
1602,bennie thompson,representative,877674.05
1603,david valadao,representative,1530216.93
1604,matt cartwright,representative,1130448.61
1605,russ carnahan,representative,0
1606,john moakley,representative,0
1607,mo brooks,representative,640590
1608,karen mccarthy,representative,0
1609,jim costa,representative,1117852.49
1610,edolphus towns,representative,0
1611,john dingell,representative,0
1612,cedric richmond,representative,1275701.33
1613,suzan delbene,representative,1228050
1614,joe garcia,representative,0
