lobbyist_name,full_name
jason s. mckitrick,john kasich
william hanka,george nethercutt
michael haywood,jim bunning
michael haywood,dave camp
pete kirkham,tom cole
pete kirkham,jim gerlach
susan hirschmann,van hilleary
stacey smith,bill nelson
stacey smith,connie mack
jonathan mccollum,gordon smith
robert powell,tom cole
joshua grogis,tom cole
jake johnston,jay inslee
elizabeth whitney,bart gordon
emily peterson,thad cochran
jackson droney,barbara boxer
paul marcone,james traficant
michelle easton,w. tauzin
elizabeth murray,steny hoyer
elizabeth murray,mike thompson
elizabeth murray,bob graham
charlotte ivancic,jim demint
charlotte ivancic,william frist
charlotte ivancic,john boehner
pamela smith,tom harkin
pamela smith,carol moseley-braun
israel izzy klein,charles schumer
matthew johnson,john cornyn
gregg hartley,roy blunt
scott tominovich,steny hoyer
terry allen,steve largent
lisa layman,debbie stabenow
lisa layman,richard bryan
brian sutter,dave camp
tom wharton,joseph lieberman
tom wharton,dan boren
mark dedrick,darlene hooley
mark dedrick,tony hall
mark dedrick,rush holt
elizabeth powell,james langevin
elizabeth powell,juanita millender-mcdonald
paige thoman,ann wagner
christopher k. bradish,arlen specter
chris jones,mike ferguson
chris jones,david mcintosh
chris jones,john myers
adam higgins,mike ferguson
tyler thompson,johnny isakson
tyler thompson,saxby chambliss
tyler thompson,zell miller
libby greer,allen boyd
jeff strunk,rob portman
jeff strunk,kay hutchison
jeff strunk,mike dewine
ryan welch,richard shelby
richard roberts,richard shelby
michael solon,mitch mcconnell
michael solon,trent lott
david castagnetti,max baucus
david castagnetti,norman mineta
dean rosen,william frist
david thomas,zoe lofgren
david thomas,albert gore
elise pickering,john shadegg
elise pickering,william dannemeyer
charles wooters,chris van
charles wooters,louise slaughter
sage eastman,dave camp
lauren aronson,rahm emanuel
lauren aronson,carolyn mccarthy
michael robinson,tom delay
michael robinson,ralph regula
michael robinson,bob franks
michael robinson,bud shuster
michael collins,tom udall
constantine hingson,daniel coats
constantine hingson,judd gregg
constantine hingson,elizabeth dole
daniel mcfaul,joe scarborough
john williams,dan burton
andrew coats,mark souder
sarah strup herbert,richard shelby
robert zucker,steven rothman
charla penn,bill pascrell
chelsey hickman,kay granger
chelsey hickman,larry craig
molly mcdonnell,leonard lance
jocelyn hong,john glenn
jessica lawrence-vaca,albio sires
jessica lawrence-vaca,patty murray
jessica lawrence-vaca,steven rothman
tom nagle,tom udall
barry brown,michael burgess
barry brown,kay granger
barry brown,kevin brady
brett heimov,jerrold nadler
steve stallmer,christopher gibson
shay hancock,patty murray
marc numedahl,david loebsack
dan renberg,arlen specter
jerr rosenbaum,john cornyn
jerr rosenbaum,robert hurt
jerr rosenbaum,jack kingston
jerr rosenbaum,virgil goode
christina mcgarry,mario diaz-balart
rhod shaw,sherrod brown
jason schendle,mary landrieu
corry marshall,bob gibbs
corry marshall,melissa hart
david pore,jim turner
michael tomberlin,chip cravaack
michael tomberlin,louie gohmert
tyson redpath,john boehner
mark kadesh,jane harman
christian kierig,dianne feinstein
dave ramey,ken calvert
john green,trent lott
jason van pelt,ed whitfield
anne marie polak,mike ferguson
nathan bult,bill huizenga
stacy ettinger,charles schumer
julie minerva,robert matsui
eric swedlund,stephen horn
michael beer,david hobson
patrick pettey,bob smith
david rudd,ernest hollings
jack quinn,hillary clinton
james bonham,jeff bingaman
james bonham,sam gejdenson
gregg nunziata,marco rubio
arjun mody,kay hutchison
arjun mody,elizabeth dole
matt bravo,steve scalise
matt bravo,eric cantor
rob collins,eric cantor
john scofield,mark hatfield
john scofield,frank lobiondo
todd wooten,debbie stabenow
jasper thomson,dave camp
milan dalal,mark warner
milan dalal,gregory meeks
william moschella,barney frank
william moschella,frank wolf
travis norton,tim scott
david haines,kay hutchison
david haines,kenny marchant
sean murphy,lee zeldin
keith studdard,marsha blackburn
james barker,robert bennett
james barker,james hansen
james barker,howard nielson
john anderson,mike crapo
tom koonce,brad miller
tom koonce,stephen neal
steve stombres,eric cantor
manny rossman,trent lott
kyle nevins,eric cantor
kyle nevins,roy blunt
nicole venable,william jefferson
nicole venable,charles robb
blair larkins,greg walden
lauren maddox,newt gingrich
paul bock,herb kohl
brian mcguire,mitch mcconnell
greta joynes,john shimkus
peter j. evich,john doolittle
geoffrey bowman,walter jones
geoffrey bowman,rick hill
laura morgan kessler,dianne feinstein
lauren cowles,mark pryor
alex vogel,william frist
josh holly,ernie fletcher
jeffery walter,alfonse d'amato
jeffery walter,connie mack
david olander,wally herger
david olander,thomas reynolds
rebecca benn,thad cochran
mark rayder,tom latham
mark rayder,rodney frelinghuysen
mark rayder,dean gallo
christian morgan,ann wagner
kyle gilster,doug bereuter
y. brian lee,doug lamborn
andrew kauders,robert menendez
david adams,john east
kevin mclaughlin,john cornyn
michael quaranta,michael castle
robert bradner,john porter
ansley erdel,nathan deal
jared weaver,anna eshoo
jeffrey sadosky,rob portman
jeffrey sadosky,kay hutchison
jeffrey sadosky,mike dewine
adrienne schweer,chuck hagel
jeffrey strunk,john boehner
michael miller,william frist
edward p. ayoob,harry reid
robert ganim,kelly ayotte
robert ganim,mark kirk
andrew quinn,steny hoyer
stephen borg,timothy johnson
c. stewart verdery,don nickles
c. stewart verdery,john warner
ashley hoy,sue myrick
kate mills,zoe lofgren
kimberly ellis,kevin brady
rich thomas,bill pascrell
matt herrmann,madeleine bordallo
erin neal,bill nelson
edward eynon,john shadegg
patrick anderson,henry bonilla
darren willcox,david dennis
darren willcox,j. hastert
darren willcox,porter goss
andrew buczek,james barcia
mary beth mcgowan,arlen specter
james brandell,dave camp
tim molino,amy klobuchar
jen olson,lindsey graham
jen olson,jim kolbe
john michael gonzalez,chris bell
john michael gonzalez,melissa bean
jeff shapiro,adrian smith
jeff shapiro,lee terry
matt leffingwell,kay granger
matt leffingwell,john porter
matt leffingwell,mark kirk
david stewart,jeff sessions
martin gold,william frist
deborah burrell,roscoe bartlett
douglas denneny,john mccain
tommy johnson,rick santorum
"morris l. thomas, jd",howard mckeon
devin mogler,joni ernst
mike hogan,ben nelson
mike haywood,jim bunning
mike haywood,dave camp
greg means,dennis eckart
joel oswald,michael enzi
zachary pfister,larry kissell
zachary pfister,brad ellsworth
zachary pfister,evan bayh
brian mckeon,barbara boxer
brian wild,john boehner
brian wild,pat toomey
brian wild,hank brown
araceli gutierrez,lucille roybal-allard
william dolbow,eric cantor
william dolbow,tom bliley
kelly delmore,phil english
nicholas leibham,neil abercrombie
james davenport,gerald solomon
christine pollack,e. shaw
christine pollack,jim nussle
rick murphy,kelly ayotte
natasha hammond,paul ryan
natasha hammond,john boehner
david schnittger,john boehner
joseph murray,ron johnson
joseph murray,mark meadows
john raidt,john mccain
jess goode,ted strickland
lem smith,charles norwood
lem smith,roger wicker
lem smith,trent lott
leslee k. gilbert,zachary space
leslee k. gilbert,ralph hall
sean morrison,max baucus
todd bertoson,ted stevens
steven irizarry,chuck hagel
heather podesta,robert matsui
heather podesta,earl pomeroy
heather podesta,bill bradley
jonathan becker,amy klobuchar
sean joyce,bill shuster
sean joyce,patrick mchenry
benjamin klein,byron dorgan
larissa martinez,deb fischer
larissa martinez,chuck hagel
larissa martinez,nathan deal
larissa martinez,johnny isakson
annie palisi,diane black
annie palisi,john boehner
anne macmillan,dennis cardoza
anne macmillan,nancy pelosi
noah kowalski,kirsten gillibrand
christopher shank,zachary space
christopher shank,lamar smith
christopher shank (covoffpos continued),zachary space
gary gallant,jim saxton
crystal ellerbe,david vitter
christina hamilton,david obey
tom ingram,lamar alexander
brandi lowell,heath shuler
brandi lowell,lincoln davis
brandi lowell,bob clement
heather mchugh,charles schumer
beau schuyler,john tanner
beau schuyler,mike mcintyre
henry menn,bob graham
david ransom,steny hoyer
erica stocker,jim saxton
john lundy,trent lott
john lundy,larry combest
john lundy,mike espy
susan butler,charles pickering
susan butler,trent lott
ty mabry,thad cochran
ty mabry,gregg harper
hunter bates,mitch mcconnell
chase hieneman,mitch mcconnell
roger murry,ellen tauscher
ed pagano,tom harkin
arshi siddiqui,nancy pelosi
arshi siddiqui,xavier becerra
alexandra sollberger,geoff davis
matthew weinstein,jo bonner
todd harmer,saxby chambliss
aaron s. cutler,eric cantor
scott barnhart,connie mack
kathleen m. mcauliffe,richard gephardt
noushin jahanian,debbie stabenow
katherine dapper,patty murray
jason gleason,john sarbanes
jason gleason,paul sarbanes
ryan little,jason chaffetz
jennifer bell,john thune
lauren lipin,c. ruppersberger
william rice,henry bonilla
craig metz,floyd spence
amelia jenkins,george miller
russell thomasson,john cornyn
russell thomasson,bob smith
salim alameddin,will hurd
salim alameddin,john cornyn
george m. bernier,rick santorum
jennifer cave,john warner
dan gans,j. mcmillan
dan gans,bob riley
dan gans,william martini
bryan cunningham,judd gregg
bryan cunningham,john ensign
gary hoitsma,james inhofe
donn salvosa,cliff stearns
helen rebecca brocato,benjamin cardin
sean richardson,amy klobuchar
sean richardson,patrick kennedy
sean richardson,richard gephardt
lucia alonzo,claire mccaskill
stephanie kennan,ron wyden
dan scandling,frank wolf
dan scandling,herbert bateman
breely ungar,debbie stabenow
jonathan winer,john kerry
jeffrey davis,shelley berkley
chris l. gaston,rush holt
jeffrey forbes,max baucus
steven palmer,wayne allard
timothy mcgivern,sam brownback
dean aguillen,nancy pelosi
chris giblin,charles norwood
sarah beth jansen,tom coburn
patricia readinger,debbie stabenow
michael ryan,steve israel
julie hershey carr,joseph pitts
rose sullivan,amy klobuchar
randi reid,michael enzi
randi reid,michael burgess
david peluso,cathy mcmorris
david peluso,gus bilirakis
karen green,robert matsui
ryan thompson,james inhofe
marissa serafino,jeanne shaheen
rashid hallaway,evan bayh
robert hobart,zach wamp
robert hobart,rick hill
william jacoby lemos,nita lowey
william jacoby lemos,hansen clarke
william jacoby lemos,steny hoyer
erik fatemi,daniel inouye
joel riethmiller,baron hill
joel riethmiller,john carney
brian mclaughlin,richard durbin
camille bonta,john glenn
daniel gans,j. mcmillan
daniel gans,bob riley
daniel gans,william martini
chris miller,david reichert
tracy spicer,edward kennedy
kyle ruckert,david vitter
michael hutton,robert menendez
paul brathwaite,diane black
scott parven,nicholas mavroules
josh teitelbaum,kay hagan
josh teitelbaum,steve israel
john (kevin) brennan,rosa delauro
john (kevin) brennan,sherrod brown
alec hinojosa,michael enzi
luke johnson,robert bennett
luke johnson,james hansen
jon hrobsky,bob schaffer
jon hrobsky,scott mcinnis
genevieve bresnahan,pete sessions
kameron simmons,orrin hatch
kameron simmons,rob bishop
amy davenport,george voinovich
samantha martin,trey gowdy
keri richmond,rob portman
gregory louer,charles norwood
gregg hartley,fernand st
clifford roberti,randy neugebauer
chris matthiesen,suzanne kosmas
chris matthiesen,nick lampson
stefan bailey,baron hill
stefan bailey,nick rahall
elizabeth hart thompson,baron hill
elizabeth hart thompson,melissa bean
elizabeth hart thompson,john carney
rich meade,jim nussle
bob okun,newt gingrich
bob okun,robert michel
edward ayoob,harry reid
david crane,trent lott
david crane,john mccain
dennis potter,phil gramm
scott nelson,byron dorgan
kerry feehery,mel martinez
kerry feehery,george lemieux
karl koch,jim davis
jonathan gregory,norman sisisky
jonathon jones,thomas carper
bryant hall,bob graham
chase kroll,michele bachmann
s. tyler jameson,heidi heitkamp
charles brereton,john boehner
charles brereton,richard burr
meg gilley,jack kingston
michael merola,robert torricelli
charla penn mcmanus,bill pascrell
shane doucet,christopher john
joseph gibson,lamar smith
amanda wood,bob graham
charlie harman,saxby chambliss
mike mckay,gregory meeks
lavita strickland legrys,dianne feinstein
ann jablon,richard neal
towner french,pete sessions
towner french,lincoln diaz-balart
towner french,judy biggert
luke hatzis,peter roskam
luke hatzis,david dennis
aaron cohen,john ensign
aaron cohen,richard bryan
drew goesl,mike ross
drew goesl,blanche lincoln
ivan zapien,robert menendez
sam geduldig,roy blunt
mike nielsen,robert bennett
jay cranford,bob barr
jay cranford,jim gibbons
jay cranford,john boehner
doug schwartz,john thune
john stipicevic,roy blunt
john stipicevic,eric cantor
john stipicevic,kevin mccarthy
juliane sullivan,todd akin
juliane sullivan,tom delay
juliane sullivan,anne northup
juliane sullivan,ed whitfield
mike freeman,mike lee
katie mitchell,paul cook
katie mitchell,devin nunes
lauren o'brien,geoff davis
louis agnello,martin heinrich
louis agnello,doris matsui
rohit kumar,mitch mcconnell
rohit kumar,william frist
rohit kumar,trent lott
ronald eritano,lloyd doggett
bob brooks,jim mccrery
bob brooks,jay dickey
sam adcock,trent lott
rodney whitlock,chuck grassley
eli greenspan,martin heinrich
mac campbell,blanche lincoln
nathaniel bell,robert andrews
david leiter,wendell ford
david leiter,john kerry
daniel wolf,jared huffman
cindy brown,ron kind
david urban,arlen specter
sean mcglynn,barbara mikulski
greg louer,charles norwood
sara linder,steve driehaus
virginia h. johnson,dan benishek
virginia h. johnson,hamilton fish
stephen northrup,michael enzi
stacey rampy,anna eshoo
stacey rampy,robert torricelli
lindsay austin,lynn westmoreland
tom tilton,betty sutton
helen tolar,john boozman
christopher baxter,robert menendez
michael woody,marion berry
andrew hawkins,mike rogers
kelly childress,john shimkus
robert bissen,robert kasten
jamie jones,matthew martinez
susan ramthun,william frist
judithh gorsuch,jon kyl
patrick cavanagh,tim holden
alexander sternhell,craig james
mike ahern,edward royce
mike ahern,bob corker
kristin m. smith,denny rehberg
kristin m. smith,olympia snowe
kristin m. smith,conrad burns
frank mccarthy,sue kelly
jeffrey walter,alfonse d'amato
jeffrey walter,connie mack
ethan pittleman,kurt schrader
thomas culligan,frank wolf
thomas culligan,thomas petri
john czerwinski,frank wolf
ludmilla savelieff,mike dewine
jennifer ortega,todd rokita
kathryn branson,lou barletta
david stratton edwards,john sullivan
david stratton edwards,tom cole
william steve southerland,steve southerland
jeff mortier,ed whitfield
jeff mortier,devin nunes
sarah walter,john breaux
kristen walsh,charles schumer
kristen walsh,hillary clinton
kristen walsh,kirsten gillibrand
don smith,tom bevill
callie hickox,john breaux
jamie tucker,anne northup
sam olswanger,daniel webster
b. keith heard,thad cochran
jay heimbach,sherrod brown
matt leffingwell,jon porter
scott leezer,richard durbin
paul a. howard,susan collins
elizabeth lee,tammy baldwin
brian diffell,roy blunt
charles cooper,adam putnam
charles cooper,mario diaz-balart
charles cooper,felix grucci
charles cooper,jon kyl
charles cooper,connie mack
nadeam elshami,nancy pelosi
nadeam elshami,richard durbin
nadeam elshami,janice schakowsky
brian dean,craig james
jason tai,william lipinski
langston emerson,michael capuano
langston emerson,carolyn kilpatrick
roger gwinn,vic fazio
stephanie missert,kirsten gillibrand
andrew lewin,dennis moore
andrew lewin,max sandlin
brent del monte,tom bliley
robb walton,michael enzi
christopher matthiesen,suzanne kosmas
christopher matthiesen,nick lampson
erskine wells,roger wicker
erskine wells,steven palazzo
julia d'hemecourt,steve scalise
julia d'hemecourt,vance mcallister
allison trexler,ed whitfield
jennifer castagna,arlen specter
norma jane sabiston,mary landrieu
norma jane sabiston,john breaux
zach monroe,mary landrieu
sheryl cohen,christopher dodd
matt mcalvanah,patty murray
robert lehman,rob portman
robert lehman,larry combest
timothy martin,scott tipton
theodore bornstein,les aspin
edward krenik,dean gallo
carolyn gluck,harry reid
aryana khalid,mark warner
brian gaston,richard armey
brian gaston,john boehner
brian gaston,roy blunt
steven boms,gary ackerman
doyle bartlett,bill mccollum
chris mccannell,paul kanjorski
chris mccannell,steny hoyer
chris mccannell,michael mcmahon
chris mccannell,joseph crowley
travis johnson,david vitter
travis johnson,john shadegg
travis johnson,tom price
greg mesack,wally herger
bradford cheney,brad sherman
bradford cheney,hillary clinton
a. bradford card,john sweeney
shawna francis watley,j. kerrey
joel johnson,howard metzenbaum
andrew king,lindsey graham
christina brown,bob casey
christina brown,arlen specter
edward cox,orrin hatch
neal martin,max cleland
r. neal martin,max cleland
allison nyholm,lisa murkowski
will hollier,mike crapo
keith nelson,pete domenici
daniel mcfaul,jeff miller
daniel mcfaul,matt gaetz
sarah egge,j. kerrey
joe onek,nancy pelosi
irene bueno,edward roybal
irene bueno,alan cranston
gregory d. burns,darlene hooley
robert van heuvelen,kent conrad
stephen ward,jeff bingaman
dan elling,nancy johnson
dan elling,jim ramstad
joshua andrews,anna eshoo
joshua andrews,barbara boxer
jackson spivey,mark begich
jennifer latourette,steven latourette
jennifer latourette,robert borski
jennifer latourette,max baucus
matt henken,ed perlmutter
matt henken,mark udall
clint robinson,john linder
hunter moorhead,thad cochran
matt wise,mary fallin
matt wise,conrad burns
bravo matt,steve scalise
bravo matt,eric cantor
lindsey craig,dave weldon
lindsey craig,mike pence
michael torrey,nancy kassebaum
michael torrey,sheila frahm
barbara patterson,bill nelson
seam mcglynn,barbara mikulski
d. patrick robertson,john rockefeller
ludmilla kasulke (nee savelieff),mike dewine
eric rosen,anthony weiner
katie wise,vern buchanan
katie wise,mary fallin
patrice willoughby,barbara lee
don kent,ron johnson
don kent,thomas ridge
don kent,don nickles
jeff choudhry,trent franks
robert taylor,john thune
robert taylor,don nickles
scott graves,k. conaway
scott graves,blake farenthold
mike ference,eric cantor
eric anthony,rosa delauro
barry bennett,jean schmidt
jesse appleton,jim talent
jeff markey,doc hastings
jeff markey,jack metcalf
melissa gierach,charles boustany
melissa gierach,dennis ross
melissa gierach,john sullivan
melissa gierach,cliff stearns
melissa gierach,dana rohrabacher
todd metcalf,ron wyden
todd metcalf,william jefferson
sara franko,ted strickland
elizabeth greer,allen boyd
richard murphy,kelly ayotte
wesley ryan welch,richard shelby
dora hughes,edward kennedy
dora hughes,barack obama
jason rosenstock,tom lantos
jason rosenstock,robert weygand
andy keiser,mike rogers
ado machida,dick cheney
jeffery mortier,ed whitfield
jeffery mortier,devin nunes
jeff mackinnon,joe barton
matthew schlapp,todd tiahrt
andrew barbour,bart stupak
jack s. deuser,jim bunning
trevor kolego,chris cannon
trevor kolego,jon porter
trevor kolego,john boehner
summer mersinger,john thune
eric love,melvin watt
cliff roberti,randy neugebauer
allison f. kassir,paul mchale
lisa mortier,sue myrick
john herzog,lamar alexander
ryan mulvenon,harry reid
ray cole,richard shelby
joshua raymond,christopher murphy
jeffrey stoltzfoos,rick santorum
jeffrey stoltzfoos,jeb hensarling
james sartucci,trent lott
andrew mckechnie,norm coleman
andrew mckechnie,jim ramstad
lori denham,calvin dooley
lori denham,darlene hooley
jason mckitrick,john kasich
jenny rosenberg,russell feingold
malloy mcdaniel,mitch mcconnell
malloy mcdaniel,trent lott
shimon stein,eric cantor
shimon stein,john ashcroft
shimon stein,robert aderholt
jennifer walsh,dennis cardoza
jennifer walsh,vic fazio
jim frogue,kay granger
jim frogue,jay kim
brandon clark,nathan deal
krista drobac,richard durbin
amy carnevale,george nethercutt
stuart chapman,carolyn mccarthy
stuart chapman,zachary space
stuart chapman,john rockefeller
stuart chapman,barbara lee
warren tryon,spencer bachus
john mulligan,adam smith
mark aitken,frank lobiondo
jared rifis,harry reid
david spooner,sue myrick
david spooner,wes cooley
brandt hershman,steve buyer
michael wessel,richard gephardt
julie hrdlicka,mark dayton
william smith,mike pence
kenneth cunningham,chuck grassley
landon stropko,michael enzi
landon stropko,cynthia lummis
landon stropko,barbara cubin
michael hettinger,tom davis
john williams,christopher john
j. david grossman,james clyburn
j. david grossman,anna eshoo
j. david grossman,daniel inouye
jan fowler,george voinovich
kelli briggs,patrick tiberi
stacey alexander,jim matheson
hap rigby,jim demint
sarah blackwood,jerry costello
emily kirlin,john cornyn
emily kirlin,jon kyl
emily kirlin,lamar alexander
kate rose,allyson schwartz
kate rose,john rockefeller
kristin welsh,orrin hatch
kristin welsh,james jeffords
elizabeth gore,byron dorgan
elizabeth gore,chet edwards
elizabeth maier,jon kyl
jana denning,bob clement
jana denning,john olver
jana denning,dennis moore
jason larrabee,hamilton fish
jason larrabee,jeff denham
jason larrabee,john doolittle
grant leslie,thomas daschle
grant leslie,ken salazar
joel leftwich,pat roberts
joel leftwich,craig james
greg mastel,max baucus
c. towner french,pete sessions
c. towner french,lincoln diaz-balart
c. towner french,judy biggert
david myers,pete domenici
scott aliferis,fred upton
amanda bunning kelsey,mitch mcconnell
dave larson,william frist
dave larson,harris fawell
adam bordes,louis stokes
adam bordes,william clay
bill viney,scott klug
jon bouker,eleanor norton
laura morgan-kessler,dianne feinstein
mitch vakerics,renee ellmers
alexander g. nock,matthew martinez
sean o'shea,hillary clinton
kate dickens,mark kirk
kate dickens,michael castle
charles thomas,robert pittenger
shara aranoff,max baucus
timothy yehl,frank lautenberg
timothy yehl,frank pallone
judith gorsuch,jon kyl
scott brenner,e. shaw
scott brenner,bill mccollum
lindsey ledwin,olympia snowe
lindsey ledwin,susan collins
rob seidman,kelly ayotte
rob seidman,marsha blackburn
rob seidman,bob riley
noe garcia,william frist
patrick cooney,dick swett
layth elhassani,michael bennet
layth elhassani,nydia velazquez
layth elhassani,maria cantwell
isaac brown,janice schakowsky
paul kavinoky,george nethercutt
paul kavinoky,richard pombo
marne marotta,john barrasso
marne marotta,kelly ayotte
sebastien lasseur,charles schumer
kristen o'neill,gene green
jeremy rabinovitz,lois capps
jeremy rabinovitz,walter capps
jeremy rabinovitz,carolyn maloney
jeremy rabinovitz,stephen solarz
daris d. meeks,jeb hensarling
david stewart,john boehner
francis grab,xavier becerra
francis grab,robert matsui
stephen francis,john kasich
weston coulam,orrin hatch
jeff forbes,max baucus
cindy brown,bart stupak
josh rubin,mike dewine
heather smith,nathan deal
zachary israel,robert scott
zachary israel,scott murphy
zachary israel,rush holt
austin harrison,gregg harper
austin harrison,thad cochran
noelle lundberg,bill archer
mike lanza,cathy mcmorris
matt pearce,earl pomeroy
elizabeth frazee,bob goodlatte
elizabeth frazee,tom bliley
sarah dumont-merchak,bill mccollum
sarah dumont-merchak,bob barr
debra dixon,xavier becerra
arielle giordano,andy harris
robert wasinger,sam brownback
rachel stauffer,diana degette
rachel stauffer,john tierney
brad gentile,john katko
brad gentile,christopher gibson
brad gentile,john boehner
laura johnson,robert bennett
laura johnson,james hansen
marty paone,barack obama
kodiak hill-davis,nancy johnson
moses mercado,richard gephardt
todd novascone,jerry moran
geoffrey gradler,tom delay
theodore b. schroeder,christopher coons
michael rogers,frank pallone
michael rogers,jack reed
henry altman,barbara comstock
donna mullins,dean gallo
clarence williams,kendrick meek
omar franco,mario diaz-balart
erik olson,ron kind
michael spira,carolyn mccarthy
michael spira,ed perlmutter
michelle seger,alexander mooney
michelle seger,chuck grassley
michael scrivner,norman lent
peter a. leon,eliot engel
mary schley,susan collins
sarah vilms,barbara kennelly
sarah vilms,joseph lieberman
matt bormet,ron wyden
william morley,arlen specter
"melissa ""missy"" edwards",thad cochran
michael barbera,curt weldon
cesar conda,marco rubio
susan nelson,john mccain
toby short,ernest hollings
toby short,byron dorgan
todd tuten,michael bilirakis
heide bajnrauh,john mccain
rob ehrich,evan bayh
neely silbey,patty murray
julie philp,john campbell
julie philp,gil gutknecht
julie philp,michael burgess
julie philp,constance morella
julie philp,ileana ros-lehtinen
pat bousliman,max baucus
jamie wall,roy blunt
jamie wall,christopher bond
edward hild,lisa murkowski
alexander sternhell,james maloney
alexander sternhell,bill orton
alexander sternhell,marion berry
phil goldfeder,charles schumer
patricia deloatche,orrin hatch
jodie curtis,thomas barrett
sarah mills,chuck grassley
sarah mills,arlen specter
nicolas muzin,ted cruz
nicolas muzin,tim scott
jeff burton,eric cantor
bryce dustman,david reichert
bryce dustman,heather wilson
bryce dustman,philip crane
daniel graver,gabrielle giffords
scott corley,james rogan
brookley valencia,luther strange
mike dubois,christopher bond
ali davidson,carlos curbelo
mary stanton,herb kohl
mary stanton,anthony weiner
mary stanton,richard gephardt
"israel ""izzy"" klein",charles schumer
darin gardner,kay granger
darin gardner,tim hutchinson
andrew shore,bill archer
jim jochum,chuck grassley
robin weisman,howard metzenbaum
jason isakovic,george voinovich
shane goettle,john hoeven
donald larson,john hoeven
matt mcginley,tom price
matt mcginley,brian kerns
brendan dunn,orrin hatch
allen jamerson,eric cantor
allen jamerson,bob goodlatte
angela ambrose,john peterson
nigel a. stephens,yvette clarke
nigel a. stephens,john kerry
nigel a. stephens,albert wynn
michael galano,dick zimmer
lauri hettinger,george voinovich
lauri hettinger,norm coleman
lauri hettinger,strom thurmond
heather meade,patty murray
andrew littman,barbara boxer
andrew littman,al franken
lauren bazel,maria cantwell
lauren bazel,john kerry
lauren bazel,william cowan
j. michael hogan,ben nelson
tom quinn,peter visclosky
cheryl jaeger,eric cantor
melanie lehnhardt,jeff flake
john mulligan,christopher john
barrett thornhill,mike crapo
barrett thornhill,pat toomey
sloane skinner carlough,rand paul
derek ross,tom cole
dee buchanan,jeb hensarling
tucker shumack,johnny isakson
david thompson,david dennis
david thompson,j. hastert
stephen peranich,gene taylor
emmett o'keefe,ron klink
emmett o'keefe,byron dorgan
brett o'brien,jim bates
brett o'brien,richard gephardt
susan brophy,byron dorgan
cont. cont.,harry reid
eriade williams,robert brady
eriade williams,albert wynn
brad mollet,tim johnson
brad mollet,jim matheson
brad mollet,betsy markey
michelle staton,tom coburn
michelle staton,marco rubio
patrick martin,evan bayh
j. daniel walsh,wayne gilchrest
j. daniel walsh,jack buechner
robert bradner,christopher john
randa fahmy,spencer abraham
katherine vanlandingham,sam brownback
leslie pollner,suzanne kosmas
leslie pollner,tim mahoney
lisa barkovic,mark foley
stoney burke,will hurd
stoney burke,chet edwards
gabriel neville,joseph pitts
michael davis,jeff sessions
kimberly linthicum,bob franks
kimberly linthicum,charles taylor
travis lucas,john carter
lori harju,kevin brady
lori harju,philip crane
joshua novotney,pat toomey
steven haro,dianne feinstein
steven haro,martin heinrich
steven haro,xavier becerra
helen tolar,jeff miller
david crane,daniel coats
al simpson,mick mulvaney
jennifer dale,jason altmire
jennifer dale,mike thompson
julie eddy rokala,doris matsui
nicole diresta,daniel inouye
rachel miller,dianne feinstein
derrick white,orrin hatch
daniel tate,hillary clinton
sander lurie,frank lautenberg
sander lurie,debbie stabenow
natascha cumberlidge,john tierney
tyler roberts,dan sullivan
tyler roberts,jeff fortenberry
tyler roberts,joe barton
tyler roberts,roy blunt
george caram,kevin mccarthy
ed krenik,dean gallo
elizabeth burks,blanche lincoln
elizabeth burks,jim turner
leslie belcher,tom cole
leslie belcher,wes watkins
michael zehr,george lemieux
michael zehr,mitch mcconnell
james jochum,chuck grassley
emily vaughan,mark sanford
patrick foley,sherwood boehlert
gary palmquist,dennis cardoza
gary palmquist,bob clement
gary palmquist,ken bentsen
kerri talbot,robert menendez
israel klein,charles schumer
mike ference,roy blunt
alexander lurie,frank lautenberg
alexander lurie,debbie stabenow
john russell,david dennis
john russell,j. hastert
john russell,tom delay
georgette sierra,carolyn mccarthy
matt bormet,rick larsen
justin mccarthy,thomas ewing
aissa canchola,barbara boxer
brett thompson,jim talent
chandler morse,jeff flake
ruth hazdovac,devin nunes
john gilliland,blanche lincoln
michael zehr,mel martinez
michael zehr,tim hutchinson
patrick raffaniello,bill brewster
kelly lange,john shimkus
amy andryszak,jim matheson
kelsey gorman,john barrasso
kelsey gorman,darin lahood
madeleine pike,albio sires
gabe neville,joseph pitts
rob mangas,wendell ford
bob siggins,earl pomeroy
karen williams,bob goodlatte
karen williams,steve southerland
karen williams,adam putnam
karen williams,charles canady
james reid,john rockefeller
james reid,max sandlin
james reid,paul kanjorski
marc scheineson,willis gradison
peter j. eckrich,mike rounds
peter j. eckrich,kristi noem
angela ebiner,zoe lofgren
katherine flocken,rob portman
justin rzepka,john ensign
blaine nolan,mike quigley
blaine nolan,chris van
elizabeth thompson,baron hill
elizabeth thompson,melissa bean
elizabeth thompson,john carney
sudafi henry,major owens
sudafi henry,emanuel cleaver
sudafi henry,steny hoyer
jeffrey goff,joe knollenberg
matt hoffmann,fernand st
matt hoffmann,david vitter
matt hoffmann,paul ryan
remy brim,patty murray
remy brim,elizabeth warren
karissa willhite,robert menendez
phillip bianchi,arlen specter
andrew palmer,charles fleischmann
william t. (marty) irby,ed whitfield
edward steiner,sam farr
christopher sullivan,johnny isakson
eli schooley,jerry moran
keith pemrick,tim holden
patrick grant,christopher dodd
patrick grant,joseph lieberman
joseph eannello,kevin yoder
joseph eannello,jerry weller
robert wagener,richard hanna
george callas,paul ryan
paul edattel,john shadegg
melissa mueller,richard neal
melissa mueller,lloyd doggett
lauren broccoli,james langevin
melissa bonicelli,bill archer
joshua m. finestone,mike rogers
joshua m. finestone,tom graves
joshua m. finestone,dean heller
chris fish,alfonse d'amato
javier llano,luis fortuno
lauren baker,rob portman
dawn sears,lee terry
bryan blom,sean duffy
ben turner,james himes
darrel thompson,harry reid
darrel thompson,richard gephardt
drew willison,harry reid
rick desimone,patty murray
greg mitchell,james rogan
jennifer stewart,eddie johnson
jennifer stewart,gregory meeks
ebony simpson,william jefferson
valerie nelson,jim ramstad
valerie nelson,eric cantor
chris fetzer,elizabeth dole
ryan smith,jon kyl
szu-nien su,edward royce
szu-nien su,donald manzullo
valerie west,gordon smith
matt hermann,madeleine bordallo
alan hill,cliff stearns
amy tejral,ben nelson
elizabeth barnett,blanche lincoln
mike chappell,roger wicker
mike chappell,charles pickering
aleix jarvis,lindsey graham
aleix jarvis,charles taylor
kate hull,tim hutchinson
billy piper,mitch mcconnell
tyler stephens,johnny isakson
tyler stephens,saxby chambliss
eric zulkosky,steve scalise
eric zulkosky,mike johanns
matt hill,gordon smith
arturo estopinan,ileana ros-lehtinen
craig felner,kay hutchison
michaela sims,ben nelson
edward prettyman,thomas carper
david whitestone,frank wolf
richard oliver schwab,david schweikert
aimee ghosh,louise slaughter
christopher wilcox,daniel moynihan
christopher wilcox,michael arcuri
ryan grillo,chuck hagel
kristin herrmann,mike dewine
kristin herrmann,jay dickey
james derderian,tom bliley
erin strawn,curt weldon
valerie henry,greg walden
valerie henry,john warner
valerie henry,mike crapo
a bradford card,john sweeney
john ray,mike kelly
maria price,kirsten gillibrand
tracey laturner,jim bunn
jesse barba,marcia fudge
bobby cornett,trent franks
matthew knoedler,dan schaefer
j. allen martin,bob livingston
cheryl jaeger,fernand st
racher miller,dianne feinstein
jay driscoll,max baucus
jeff strunk,john boehner
dan mcfaul,joe scarborough
benjamin dunham,frank lautenberg
robert a. russell,mark pryor
kyle simmons,mitch mcconnell
zach rudisill,rob portman
zach rudisill,david reichert
zach rudisill,dave camp
sally vastola,thomas reynolds
christopher scott fay,david cicilline
christopher scott fay,edward kennedy
patrick brennan,john spratt
patrick brennan,kay hagan
catharine ransom,bob graham
catharine ransom,max baucus
mark h. rayder,tom latham
mark h. rayder,rodney frelinghuysen
mark h. rayder,dean gallo
jessica tocco,luis gutierrez
dave myers,pete domenici
jake perry,harry reid
amy lombardo,michael simpson
amy lombardo,larry craig
jorge castro,stephanie jones
jorge castro,john rockefeller
jeffrey mortier,ed whitfield
jeffrey mortier,devin nunes
jeffery mackinnon,joe barton
clark fonda,robert pittenger
joe trauger,sam johnson
joe trauger,rod grams
gregg rothschild,john kerry
gina foote,ted poe
brian griffin,byron dorgan
daniel meyer,vin weber
daniel meyer,newt gingrich
anne wall,richard durbin
anne bradbury,charles boustany
anne bradbury,john boehner
kerry o'hare,peter king
sarah hamlett,thelma drake
tony bullock,daniel moynihan
paul reagan,jim webb
clint lohse,michael enzi
cody hoefer,steve russell
heather mchugh,steve israel
heather mchugh,nydia velazquez
robert freeman,ed whitfield
david beaudreau,sherrod brown
jeffrey ziarko,sander levin
anjulen anderson,steve buyer
anjulen anderson,mary bono
megan herber,doris matsui
chris matthiesen,nancy pelosi
roosevelt daniels,sheila jackson
patricia reilly,tim holden
stephanie kenann,ron wyden
erika long,jim davis
erika long,bart stupak
jane sargent,john lewis
chris caron,tom cole
w. roger gwinn,vic fazio
luis baco,jenniffer gonzalez-colon
luis baco,luis fortuno
luis baco,carlos romero-barcelo
surya gunasekara,james renacci
randy devalk,harry reid
paul poteet,john thune
paul poteet,wally herger
paul poteet,rick santorum
paul poteet,richard baker
nick sutter,maria cantwell
alexander silbey,james clyburn
emily murry,ken calvert
emily murry,tom price
shelley landry,walter minnick
stephen ruhlen,henry bonilla
stephen ruhlen,pete olson
stephen ruhlen,lee terry
stephen ruhlen,kay granger
shane skelton,robert latta
mervyn jones,joseph crowley
mervyn jones,tim ryan
carlyle thorsen,tom delay
laura uttley,jack reed
ben mcmakin,patty murray
paul cambon,bob livingston
brian glackin,thad cochran
james gauthier,judd gregg
geoff werth,bart stupak
leighanna comstock,david reichert
daniel muroff,michael capuano
john thomas,scott taylor
caitlin berni,steve scalise
pat boulisman,max baucus
jim twaddell,arlen specter
olivia neistat,john larson
jeff sadosky,rob portman
jeff sadosky,kay hutchison
jeff sadosky,mike dewine
francesca mccrary,elijah cummings
dan tate,hillary clinton
nancy fox,rodney frelinghuysen
nancy fox,marge roukema
nancy fox,silvio conte
michael s scrivner,norman lent
peter a leon,eliot engel
brian darling,rand paul
david quinalty,john ensign
todd womack,bob corker
brent wiles,bob corker
brent wiles,lamar alexander
john goetz,bob corker
brent heberlee,richard bryan
gordon taylor,christopher john
sherry widicus,ron kind
richard hoar,gus bilirakis
christine pellerin,henry bonilla
regina mahony,steny hoyer
drew cantor,sue kelly
michael j. bell,orrin hatch
susan zook,mike crapo
mary beth savary taylor,connie mack
stacey hughes,connie mack
rachel jones hensler,fred thompson
rachel jones hensler,dave durenberger
michael drobac,gordon smith
geoffrey gradler,richard shelby
geoffrey gradler,phil gramm
steven crane,barbara mikulski
hazen marshall,mitch mcconnell
hazen marshall,don nickles
monica popp,john cornyn
monica popp,jim demint
darrin munoz,christopher john
allen bradford card,john sweeney
angie melton,jesse jackson
oscar ramirez,hilda solis
oscar ramirez,al green
oscar ramirez,joe baca
dana thompson,maxine waters
dana thompson,sheila jackson
katherine raab,mary bono
katherine raab,elton gallegly
katherine raab,michael bilirakis
john richter,michelle lujan
john richter,wayne grisham
john richter,robert casey
david lesstrang (no contact with approps comm.),jerry lewis
sheila murphy,ben nelson
sheila murphy,thomas carper
jason s mckitrick,john kasich
greg mccannell,wally herger
thomas o'donnell,richard gephardt
micah johnson,bob corker
menda fife,edward kennedy
menda fife,dianne feinstein
menda fife,corrine brown
menda fife,tom harkin
robert carey,george allen
robert carey,spencer abraham
leonard collins,marco rubio
julie nolan,patrick meehan
julie nolan,richard lugar
mariah sixkiller,steny hoyer
lindsey tonsager,thomas daschle
craig kalkut,kent conrad
michaeleen earle crowell,denise majette
michaeleen earle crowell,john lewis
andrew kent,charles dent
andrew kent,tom marino
andrew kent,louie gohmert
tod preston,rod blagojevich
tod preston,nita lowey
kerry o'brien,william keating
kerry o'brien,bill delahunt
alissa wilcox clees,ben nelson
matthew hoffmann,fernand st
matthew hoffmann,david vitter
matthew hoffmann,paul ryan
kevin talley,matt gaetz
jason everett,melvin watt
robert harris,barney frank
robert harris,g. butterfield
anne urban,john kerry
michael mchugh,gordon smith
sara barba,mike coffman
art estopinan,ileana ros-lehtinen
joshua kardon,ron wyden
rodney whitlock,charles norwood
patrick cuff,stevan pearce
angela flood,mark souder
doug nappi,suzanne kosmas
doug nappi,nick lampson
harriet melvin,charles hatcher
joseph rubin,george gekas
joseph rubin,steve chabot
gregory m. gill,steny hoyer
joe trauger,roy blunt
joe trauger,richard armey
lindley sherer,elise stefanik
lindley sherer,scott tipton
lindley sherer,todd rokita
bonnie walker armstrong,bennie thompson
carmencita whonder,charles schumer
devon seibert-bailey,marge roukema
christopher delacy,john warner
kristina dunklin,david valadao
maura keefe,jeanne shaheen
maura keefe,rosa delauro
sarah mae stevens,benjamin cardin
sarah mae stevens,matt cartwright
sarah mae stevens,russ carnahan
jennifer carrier,tom harkin
nat bell,robert andrews
john weinfurter,john moakley
mimi simoneaux kneuer,w. tauzin
shawna francis  watley,j. kerrey
alison esquea,john kerry
tucker shumack,olympia snowe
chris giblin,john carter
andrew tharp,mo brooks
mitch butler,scott mcinnis
zach israel,robert menendez
zach israel,scott murphy
zach israel,rush holt
katherine keating,joseph crowley
katherine keating,allyson schwartz
emily emery,tom harkin
elizabeth spivey,trent lott
ryan welch,kelly ayotte
randal meyer,rand paul
michael drobac,kay hutchison
casey stokes,patrick mchenry
casey stokes,renee ellmers
edward hill,g. butterfield
nichole distefano,claire mccaskill
kristen o'neill,g. butterfield
joshua h. raymond,darlene hooley
joshua h. raymond,christopher murphy
nicholas d. choate,claire mccaskill
nicholas d. choate,karen mccarthy
nicholas d. choate,dan boren
nicholas d. choate,jim costa
nicholas d. choate,bart stupak
jeremy scott,mike dewine
martin cancienne,w. tauzin
virgil miller,edolphus towns
virgil miller,john dingell
virgil miller,cedric richmond
caryn dyson,john breaux
byron brown,james inhofe
byron brown,doc hastings
aleta greer,suzan delbene
aleta greer,joe garcia
hope hurley,craig james
hope hurley,jim webb
